2026-08-26T21:41:45.846548Z  INFO herdr::api::server: api server listening path=/home/simon/.config/herdr/herdr.sock
2026-08-26T21:41:45.848984Z  INFO herdr::app: using pane scrollback configuration pane_scrollback_limit_bytes=10000000
2026-08-26T21:41:45.891190Z  INFO herdr::logging: checking for updates event="update.check.start" subsystem="update" outcome="started"
2026-08-26T21:41:45.893352Z  INFO herdr::logging: spawning pane terminal event="pane.spawn.start" subsystem="pane" outcome="started" pane_id=1 rows=40 cols=120 scrollback_limit_bytes=10000000
2026-08-26T21:41:45.894332Z  INFO herdr::logging: pane child spawned event="pane.spawned" subsystem="pane" outcome="ok" pane_id=1 pid=8836
2026-08-26T21:41:45.894492Z  INFO herdr::logging: workspace created event="workspace.create" subsystem="workspace" outcome="ok" workspace_id="w1" pane_id=1
2026-08-26T21:41:45.894496Z  INFO herdr::logging: workspace focused event="workspace.focus" subsystem="workspace" outcome="ok" workspace_id="w1"
2026-08-26T21:41:45.894502Z  INFO herdr::logging: tab focused event="tab.focus" subsystem="tab" outcome="ok" workspace_id="w1" tab_id="w1:t1"
2026-08-26T21:41:45.894507Z  INFO herdr::server::headless: created startup workspace cwd=/home/simon/dev/hellozimi/dotfiles
2026-08-26T21:41:45.894550Z  INFO herdr::server::headless: client protocol socket listening path=/home/simon/.config/herdr/herdr-client.sock
2026-08-26T21:41:45.894566Z  INFO herdr::server::headless: herdr server started api_socket=/home/simon/.config/herdr/herdr.sock client_socket=/home/simon/.config/herdr/herdr-client.sock
2026-08-26T21:41:45.894919Z  INFO herdr::logging: herdr starting event="app.startup" subsystem="server" outcome="started" pid=8812
2026-08-26T21:41:45.896427Z  INFO herdr::server::headless: client connected client_id=2 cols=166 rows=62 cell_width_px=0 cell_height_px=0 render_encoding=SemanticFrame
2026-08-26T21:41:50.896788Z  INFO herdr::logging: session saved event="persist.save" subsystem="persist" outcome="ok" path=/home/simon/.config/herdr/session.json workspaces=1
2026-08-26T21:41:54.109442Z  INFO herdr::server::headless: client resize client_id=2 cols=80 rows=24 cell_width_px=0 cell_height_px=0
2026-08-26T21:41:54.110271Z  INFO herdr::server::headless: client detached client_id=2
2026-08-26T21:41:54.110295Z  INFO herdr::server::headless: client disconnected client_id=2
2026-08-26T22:11:45.892074Z  INFO herdr::logging: checking for updates event="update.check.start" subsystem="update" outcome="started"
2026-08-27T14:39:17.497979Z  INFO herdr::logging: checking for updates event="update.check.start" subsystem="update" outcome="started"
2026-08-27T15:19:49.128716Z  INFO herdr::logging: checking for updates event="update.check.start" subsystem="update" outcome="started"
2026-08-27T16:29:48.590455Z  INFO herdr::logging: checking for updates event="update.check.start" subsystem="update" outcome="started"
2026-08-27T17:45:39.674584Z  INFO herdr::server::headless: server shutdown initiated
2026-08-27T17:45:39.726967Z  INFO herdr::server::headless: completing server shutdown
2026-08-27T17:45:39.727306Z  INFO herdr::logging: session saved event="persist.save" subsystem="persist" outcome="ok" path=/home/simon/.config/herdr/session.json workspaces=1
2026-08-27T17:45:39.727320Z  INFO herdr::server::headless: headless server exiting
2026-08-27T17:45:39.729587Z  INFO herdr::logging: pane child exited event="pane.exit" subsystem="pane" outcome="completed" pane_id=1 status="ExitStatus { code: 1, signal: None }"
2026-08-27T17:45:39.733226Z  INFO herdr::pane: pane session terminated pane=1 pid=8836 signal=Hangup
2026-08-27T17:45:39.734110Z  INFO herdr::logging: herdr exiting event="app.shutdown" subsystem="server" outcome="completed" pid=8812
2026-09-09T11:01:21.737946Z  INFO herdr::api::server: api server listening path=/home/simon/.config/herdr/herdr.sock
2026-09-09T11:01:21.741061Z  INFO herdr::logging: spawning pane terminal event="pane.spawn.start" subsystem="pane" outcome="started" pane_id=1 rows=24 cols=80 scrollback_limit_bytes=10000000
2026-09-09T11:01:21.742793Z  INFO herdr::logging: pane child spawned event="pane.spawned" subsystem="pane" outcome="ok" pane_id=1 pid=20161
2026-09-09T11:01:21.743290Z  INFO herdr::logging: session restore evaluated event="persist.restore" subsystem="persist" outcome="ok" workspaces=1
2026-09-09T11:01:21.743317Z  INFO herdr::app: using pane scrollback configuration pane_scrollback_limit_bytes=10000000
2026-09-09T11:01:21.858378Z  INFO herdr::logging: checking for updates event="update.check.start" subsystem="update" outcome="started"
2026-09-09T11:01:21.861696Z  INFO herdr::server::headless: restored session already has workspaces; ignoring startup cwd cwd=/home/simon
2026-09-09T11:01:21.861774Z  INFO herdr::server::headless: client protocol socket listening path=/home/simon/.config/herdr/herdr-client.sock
2026-09-09T11:01:21.861799Z  INFO herdr::server::headless: herdr server started api_socket=/home/simon/.config/herdr/herdr.sock client_socket=/home/simon/.config/herdr/herdr-client.sock
2026-09-09T11:01:21.862037Z  INFO herdr::logging: herdr starting event="app.startup" subsystem="server" outcome="started" pid=20155
2026-09-09T11:01:22.079423Z  WARN herdr::detect::manifest_update: skipping unknown remote manifest agent agent="muse"
2026-09-09T11:01:22.116229Z  INFO herdr::server::headless: client connected client_id=2 cols=123 rows=54 cell_width_px=0 cell_height_px=0 render_encoding=SemanticFrame
2026-09-09T11:01:22.122090Z  INFO herdr::logging: update available event="update.available" subsystem="update" outcome="ok" version="0.9.0"
2026-09-09T11:01:22.122112Z  INFO herdr::update: new stable build available at https://github.com/herdrdev/herdr/releases/download/v0.9.0/herdr-linux-x86_64
2026-09-09T11:01:22.122239Z  INFO herdr::update: auto-update check: 0.9.0 available, waiting for explicit install
2026-09-09T11:02:07.279042Z  INFO herdr::logging: integration action finished event="integration.action" subsystem="integration" outcome="ok" action="install" target="pi"
2026-09-09T11:02:07.279374Z  INFO herdr::logging: integration action finished event="integration.action" subsystem="integration" outcome="ok" action="install" target="opencode"
2026-09-09T11:02:12.282457Z  INFO herdr::logging: session saved event="persist.save" subsystem="persist" outcome="ok" path=/home/simon/.config/herdr/session.json workspaces=1
2026-09-09T11:02:39.537852Z  INFO herdr::logging: tab focused event="tab.focus" subsystem="tab" outcome="ok" workspace_id="w1" tab_id="w1:t1"
2026-09-09T11:02:44.540810Z  INFO herdr::logging: session saved event="persist.save" subsystem="persist" outcome="ok" path=/home/simon/.config/herdr/session.json workspaces=1
2026-09-09T11:02:44.937629Z  INFO herdr::logging: tab focused event="tab.focus" subsystem="tab" outcome="ok" workspace_id="w1" tab_id="w1:t1"
2026-09-09T11:02:49.938834Z  INFO herdr::logging: session saved event="persist.save" subsystem="persist" outcome="ok" path=/home/simon/.config/herdr/session.json workspaces=1
2026-09-09T11:03:10.807908Z  INFO herdr::server::headless: client detach requested via keybind client_id=2
2026-09-09T11:03:10.810867Z  INFO herdr::server::headless: client disconnected client_id=2
2026-09-09T11:04:39.533558Z  INFO herdr::server::headless: server shutdown initiated
2026-09-09T11:04:39.583778Z  INFO herdr::server::headless: completing server shutdown
2026-09-09T11:04:39.584543Z  INFO herdr::logging: session saved event="persist.save" subsystem="persist" outcome="ok" path=/home/simon/.config/herdr/session.json workspaces=1
2026-09-09T11:04:39.584578Z  INFO herdr::server::headless: headless server exiting
2026-09-09T11:04:39.586530Z  INFO herdr::logging: pane child exited event="pane.exit" subsystem="pane" outcome="completed" pane_id=1 status="ExitStatus { code: 1, signal: None }"
2026-09-09T11:04:39.596189Z  INFO herdr::pane: pane session terminated pane=1 pid=20161 signal=Hangup
2026-09-09T11:04:39.597328Z  INFO herdr::logging: herdr exiting event="app.shutdown" subsystem="server" outcome="completed" pid=20155
2026-09-10T10:10:14.766584Z  INFO herdr::api::server: api server listening path=/home/simon/.config/herdr/herdr.sock
2026-09-10T10:10:14.768935Z  INFO herdr::logging: spawning pane terminal event="pane.spawn.start" subsystem="pane" outcome="started" pane_id=1 rows=24 cols=80 scrollback_limit_bytes=10000000
2026-09-10T10:10:14.770868Z  INFO herdr::logging: pane child spawned event="pane.spawned" subsystem="pane" outcome="ok" pane_id=1 pid=27393
2026-09-10T10:10:14.771455Z  INFO herdr::logging: session restore evaluated event="persist.restore" subsystem="persist" outcome="ok" workspaces=1
2026-09-10T10:10:14.771500Z  INFO herdr::app: using pane scrollback configuration pane_scrollback_limit_bytes=10000000
2026-09-10T10:10:14.929452Z  INFO herdr::logging: checking for updates event="update.check.start" subsystem="update" outcome="started"
2026-09-10T10:10:14.930418Z  INFO herdr::server::headless::bootstrap: restored session already has workspaces; ignoring startup cwd cwd=/home/simon
2026-09-10T10:10:14.930595Z  INFO herdr::server::headless: client protocol socket listening path=/home/simon/.config/herdr/herdr-client.sock
2026-09-10T10:10:14.930667Z  INFO herdr::server::headless::bootstrap: herdr server started api_socket=/home/simon/.config/herdr/herdr.sock client_socket=/home/simon/.config/herdr/herdr-client.sock
2026-09-10T10:10:14.930845Z  INFO herdr::logging: herdr starting event="app.startup" subsystem="server" outcome="started" pid=27387
2026-09-10T10:10:15.184985Z  INFO herdr::server::headless: client connected client_id=2 cols=97 rows=53 cell_width_px=15 cell_height_px=44 surface_active=true render_encoding=SemanticFrame
2026-09-10T10:10:19.429923Z  INFO herdr::server::headless: client detached client_id=2
2026-09-10T10:20:07.041997Z  INFO herdr::server::headless: client connected client_id=4 cols=97 rows=52 cell_width_px=15 cell_height_px=44 surface_active=true render_encoding=SemanticFrame
2026-09-10T10:20:12.988061Z  INFO herdr::logging: workspace focused event="workspace.focus" subsystem="workspace" outcome="ok" workspace_id="w1"
2026-09-10T10:20:12.988140Z  INFO herdr::logging: tab focused event="tab.focus" subsystem="tab" outcome="ok" workspace_id="w1" tab_id="w1:t1"
2026-09-10T10:20:17.990175Z  INFO herdr::logging: session saved event="persist.save" subsystem="persist" outcome="ok" path=/home/simon/.config/herdr/session.json workspaces=1
2026-09-10T10:20:20.824828Z  INFO herdr::server::headless: client detached client_id=4
2026-09-10T10:26:57.775638Z  INFO herdr::server::headless: client connected client_id=6 cols=97 rows=53 cell_width_px=15 cell_height_px=44 surface_active=true render_encoding=SemanticFrame
2026-09-10T10:27:04.648448Z  INFO herdr::server::headless: client detached client_id=6
2026-09-10T10:27:24.256299Z  INFO herdr::server::headless: client connected client_id=8 cols=97 rows=53 cell_width_px=15 cell_height_px=44 surface_active=true render_encoding=SemanticFrame
2026-09-10T10:27:28.518454Z  INFO herdr::logging: workspace focused event="workspace.focus" subsystem="workspace" outcome="ok" workspace_id="w1"
2026-09-10T10:27:28.518544Z  INFO herdr::logging: tab focused event="tab.focus" subsystem="tab" outcome="ok" workspace_id="w1" tab_id="w1:t1"
2026-09-10T10:27:33.521322Z  INFO herdr::logging: session saved event="persist.save" subsystem="persist" outcome="ok" path=/home/simon/.config/herdr/session.json workspaces=1
2026-09-10T10:28:13.139651Z  INFO herdr::logging: pane child exited event="pane.exit" subsystem="pane" outcome="completed" pane_id=1 status="ExitStatus { code: 127, signal: None }"
2026-09-10T10:28:13.141252Z  INFO herdr::pane: pane session terminated pane=1 pid=27393 signal=Hangup
2026-09-10T10:28:13.141990Z  INFO herdr::logging: spawning pane terminal event="pane.spawn.start" subsystem="pane" outcome="started" pane_id=2 rows=53 cols=97 scrollback_limit_bytes=10000000
2026-09-10T10:28:13.145013Z  INFO herdr::logging: pane child spawned event="pane.spawned" subsystem="pane" outcome="ok" pane_id=2 pid=31401
2026-09-10T10:28:13.145489Z  INFO herdr::logging: workspace created event="workspace.create" subsystem="workspace" outcome="ok" workspace_id="w2" pane_id=2
2026-09-10T10:28:13.145758Z  INFO herdr::logging: workspace focused event="workspace.focus" subsystem="workspace" outcome="ok" workspace_id="w2"
2026-09-10T10:28:13.145825Z  INFO herdr::logging: tab focused event="tab.focus" subsystem="tab" outcome="ok" workspace_id="w2" tab_id="w2:t1"
2026-09-10T10:28:14.489473Z  INFO herdr::logging: pane child exited event="pane.exit" subsystem="pane" outcome="completed" pane_id=2 status="ExitStatus { code: 0, signal: None }"
2026-09-10T10:28:14.490145Z  INFO herdr::pane: pane session terminated pane=2 pid=31401 signal=Hangup
2026-09-10T10:28:14.490643Z  INFO herdr::logging: spawning pane terminal event="pane.spawn.start" subsystem="pane" outcome="started" pane_id=3 rows=53 cols=97 scrollback_limit_bytes=10000000
2026-09-10T10:28:14.493059Z  INFO herdr::logging: pane child spawned event="pane.spawned" subsystem="pane" outcome="ok" pane_id=3 pid=31526
2026-09-10T10:28:14.493403Z  INFO herdr::logging: workspace created event="workspace.create" subsystem="workspace" outcome="ok" workspace_id="w3" pane_id=3
2026-09-10T10:28:14.493428Z  INFO herdr::logging: workspace focused event="workspace.focus" subsystem="workspace" outcome="ok" workspace_id="w3"
2026-09-10T10:28:14.493444Z  INFO herdr::logging: tab focused event="tab.focus" subsystem="tab" outcome="ok" workspace_id="w3" tab_id="w3:t1"
2026-09-10T10:28:14.781797Z  INFO herdr::logging: pane child exited event="pane.exit" subsystem="pane" outcome="completed" pane_id=3 status="ExitStatus { code: 0, signal: None }"
2026-09-10T10:28:14.782809Z  INFO herdr::pane: pane session terminated pane=3 pid=31526 signal=Hangup
2026-09-10T10:28:14.783377Z  INFO herdr::logging: spawning pane terminal event="pane.spawn.start" subsystem="pane" outcome="started" pane_id=4 rows=53 cols=97 scrollback_limit_bytes=10000000
2026-09-10T10:28:14.785348Z  INFO herdr::logging: pane child spawned event="pane.spawned" subsystem="pane" outcome="ok" pane_id=4 pid=31631
2026-09-10T10:28:14.785868Z  INFO herdr::logging: workspace created event="workspace.create" subsystem="workspace" outcome="ok" workspace_id="w4" pane_id=4
2026-09-10T10:28:14.785929Z  INFO herdr::logging: workspace focused event="workspace.focus" subsystem="workspace" outcome="ok" workspace_id="w4"
2026-09-10T10:28:14.785959Z  INFO herdr::logging: tab focused event="tab.focus" subsystem="tab" outcome="ok" workspace_id="w4" tab_id="w4:t1"
2026-09-10T10:28:15.038793Z  INFO herdr::logging: pane child exited event="pane.exit" subsystem="pane" outcome="completed" pane_id=4 status="ExitStatus { code: 0, signal: None }"
2026-09-10T10:28:15.039819Z  INFO herdr::pane: pane session terminated pane=4 pid=31631 signal=Hangup
2026-09-10T10:28:15.040333Z  INFO herdr::logging: spawning pane terminal event="pane.spawn.start" subsystem="pane" outcome="started" pane_id=5 rows=53 cols=97 scrollback_limit_bytes=10000000
2026-09-10T10:28:15.042653Z  INFO herdr::logging: pane child spawned event="pane.spawned" subsystem="pane" outcome="ok" pane_id=5 pid=31736
2026-09-10T10:28:15.042977Z  INFO herdr::logging: workspace created event="workspace.create" subsystem="workspace" outcome="ok" workspace_id="w5" pane_id=5
2026-09-10T10:28:15.043006Z  INFO herdr::logging: workspace focused event="workspace.focus" subsystem="workspace" outcome="ok" workspace_id="w5"
2026-09-10T10:28:15.043025Z  INFO herdr::logging: tab focused event="tab.focus" subsystem="tab" outcome="ok" workspace_id="w5" tab_id="w5:t1"
2026-09-10T10:28:19.013603Z  INFO herdr::server::headless: client detached client_id=8
2026-09-10T10:28:20.050522Z  INFO herdr::logging: session saved event="persist.save" subsystem="persist" outcome="ok" path=/home/simon/.config/herdr/session.json workspaces=1
2026-09-10T10:28:27.587122Z  INFO herdr::server::headless::lifecycle: server shutdown initiated
2026-09-10T10:28:27.637461Z  INFO herdr::server::headless::lifecycle: completing server shutdown
2026-09-10T10:28:27.638282Z  INFO herdr::logging: session saved event="persist.save" subsystem="persist" outcome="ok" path=/home/simon/.config/herdr/session.json workspaces=1
2026-09-10T10:28:27.638327Z  INFO herdr::server::headless: headless server exiting
2026-09-10T10:28:27.640138Z  INFO herdr::logging: pane child exited event="pane.exit" subsystem="pane" outcome="completed" pane_id=5 status="ExitStatus { code: 1, signal: None }"
2026-09-10T10:28:27.650462Z  INFO herdr::pane: pane session terminated pane=5 pid=31736 signal=Hangup
2026-09-10T10:28:27.651828Z  INFO herdr::logging: herdr exiting event="app.shutdown" subsystem="server" outcome="completed" pid=27387
2026-09-10T10:28:45.123113Z  INFO herdr::api::server: api server listening path=/home/simon/.config/herdr/herdr.sock
2026-09-10T10:28:45.125132Z  INFO herdr::logging: spawning pane terminal event="pane.spawn.start" subsystem="pane" outcome="started" pane_id=1 rows=24 cols=80 scrollback_limit_bytes=10000000
2026-09-10T10:28:45.126804Z  INFO herdr::logging: pane child spawned event="pane.spawned" subsystem="pane" outcome="ok" pane_id=1 pid=32167
2026-09-10T10:28:45.127168Z  INFO herdr::logging: session restore evaluated event="persist.restore" subsystem="persist" outcome="ok" workspaces=1
2026-09-10T10:28:45.127215Z  INFO herdr::app: using pane scrollback configuration pane_scrollback_limit_bytes=10000000
2026-09-10T10:28:45.272515Z  INFO herdr::server::headless::bootstrap: restored session already has workspaces; ignoring startup cwd cwd=/home/simon/dev/hellozimi/cachyos-dotfiles
2026-09-10T10:28:45.272005Z  INFO herdr::logging: checking for updates event="update.check.start" subsystem="update" outcome="started"
2026-09-10T10:28:45.272859Z  INFO herdr::server::headless: client protocol socket listening path=/home/simon/.config/herdr/herdr-client.sock
2026-09-10T10:28:45.272932Z  INFO herdr::server::headless::bootstrap: herdr server started api_socket=/home/simon/.config/herdr/herdr.sock client_socket=/home/simon/.config/herdr/herdr-client.sock
2026-09-10T10:28:45.273103Z  INFO herdr::logging: herdr starting event="app.startup" subsystem="server" outcome="started" pid=32161
2026-09-10T10:28:45.568752Z  INFO herdr::server::headless: client connected client_id=2 cols=66 rows=42 cell_width_px=20 cell_height_px=56 surface_active=true render_encoding=SemanticFrame
2026-09-10T10:29:55.858047Z  INFO herdr::logging: api request received event="api.request.start" subsystem="api" outcome="started" request_id="cli:server:reload-config" method="server.reload_config" changes_ui=true
2026-09-10T10:29:55.859660Z  INFO herdr::logging: api request completed event="api.request.complete" subsystem="api" outcome="ok" request_id="cli:server:reload-config" method="server.reload_config"
2026-09-10T10:30:03.289233Z  INFO herdr::logging: spawning pane terminal event="pane.spawn.start" subsystem="pane" outcome="started" pane_id=2 rows=42 cols=162 scrollback_limit_bytes=10000000
2026-09-10T10:30:03.291368Z  INFO herdr::logging: pane child spawned event="pane.spawned" subsystem="pane" outcome="ok" pane_id=2 pid=32752
2026-09-10T10:30:03.291657Z  INFO herdr::logging: tab renamed event="tab.rename" subsystem="tab" outcome="ok" workspace_id="w5" tab_id="w5:t2"
2026-09-10T10:30:03.291677Z  INFO herdr::logging: tab focused event="tab.focus" subsystem="tab" outcome="ok" workspace_id="w5" tab_id="w5:t2"
2026-09-10T10:30:06.897520Z  INFO herdr::logging: api request received event="api.request.start" subsystem="api" outcome="started" request_id="cli:pane:focus" method="pane.focus_direction" changes_ui=true
2026-09-10T10:30:06.897945Z  INFO herdr::logging: api request completed event="api.request.complete" subsystem="api" outcome="ok" request_id="cli:pane:focus" method="pane.focus_direction"
2026-09-10T10:30:07.123274Z  INFO herdr::logging: api request received event="api.request.start" subsystem="api" outcome="started" request_id="cli:pane:focus" method="pane.focus_direction" changes_ui=true
2026-09-10T10:30:07.123554Z  INFO herdr::logging: api request completed event="api.request.complete" subsystem="api" outcome="ok" request_id="cli:pane:focus" method="pane.focus_direction"
2026-09-10T10:30:07.357591Z  INFO herdr::logging: api request received event="api.request.start" subsystem="api" outcome="started" request_id="cli:pane:focus" method="pane.focus_direction" changes_ui=true
2026-09-10T10:30:07.357948Z  INFO herdr::logging: api request completed event="api.request.complete" subsystem="api" outcome="ok" request_id="cli:pane:focus" method="pane.focus_direction"
2026-09-10T10:30:07.490437Z  INFO herdr::logging: api request received event="api.request.start" subsystem="api" outcome="started" request_id="cli:pane:focus" method="pane.focus_direction" changes_ui=true
2026-09-10T10:30:07.490768Z  INFO herdr::logging: api request completed event="api.request.complete" subsystem="api" outcome="ok" request_id="cli:pane:focus" method="pane.focus_direction"
2026-09-10T10:30:07.664370Z  INFO herdr::logging: api request received event="api.request.start" subsystem="api" outcome="started" request_id="cli:pane:focus" method="pane.focus_direction" changes_ui=true
2026-09-10T10:30:07.664953Z  INFO herdr::logging: api request completed event="api.request.complete" subsystem="api" outcome="ok" request_id="cli:pane:focus" method="pane.focus_direction"
2026-09-10T10:30:07.766678Z  INFO herdr::logging: api request received event="api.request.start" subsystem="api" outcome="started" request_id="cli:pane:focus" method="pane.focus_direction" changes_ui=true
2026-09-10T10:30:07.767253Z  INFO herdr::logging: api request completed event="api.request.complete" subsystem="api" outcome="ok" request_id="cli:pane:focus" method="pane.focus_direction"
2026-09-10T10:30:07.870803Z  INFO herdr::logging: api request received event="api.request.start" subsystem="api" outcome="started" request_id="cli:pane:focus" method="pane.focus_direction" changes_ui=true
2026-09-10T10:30:07.871163Z  INFO herdr::logging: api request completed event="api.request.complete" subsystem="api" outcome="ok" request_id="cli:pane:focus" method="pane.focus_direction"
2026-09-10T10:30:08.301129Z  INFO herdr::logging: session saved event="persist.save" subsystem="persist" outcome="ok" path=/home/simon/.config/herdr/session.json workspaces=1
2026-09-10T10:30:15.622717Z  INFO herdr::logging: api request received event="api.request.start" subsystem="api" outcome="started" request_id="cli:pane:focus" method="pane.focus_direction" changes_ui=true
2026-09-10T10:30:15.623156Z  INFO herdr::logging: api request completed event="api.request.complete" subsystem="api" outcome="ok" request_id="cli:pane:focus" method="pane.focus_direction"
2026-09-10T10:30:15.756966Z  INFO herdr::logging: api request received event="api.request.start" subsystem="api" outcome="started" request_id="cli:pane:focus" method="pane.focus_direction" changes_ui=true
2026-09-10T10:30:15.757315Z  INFO herdr::logging: api request completed event="api.request.complete" subsystem="api" outcome="ok" request_id="cli:pane:focus" method="pane.focus_direction"
2026-09-10T10:30:15.887417Z  INFO herdr::logging: api request received event="api.request.start" subsystem="api" outcome="started" request_id="cli:pane:focus" method="pane.focus_direction" changes_ui=true
2026-09-10T10:30:15.887806Z  INFO herdr::logging: api request completed event="api.request.complete" subsystem="api" outcome="ok" request_id="cli:pane:focus" method="pane.focus_direction"
2026-09-10T10:30:16.083792Z  INFO herdr::logging: api request received event="api.request.start" subsystem="api" outcome="started" request_id="cli:pane:focus" method="pane.focus_direction" changes_ui=true
2026-09-10T10:30:16.084180Z  INFO herdr::logging: api request completed event="api.request.complete" subsystem="api" outcome="ok" request_id="cli:pane:focus" method="pane.focus_direction"
2026-09-10T10:30:18.606308Z  INFO herdr::logging: spawning pane terminal event="pane.spawn.start" subsystem="pane" outcome="started" pane_id=3 rows=42 cols=162 scrollback_limit_bytes=10000000
2026-09-10T10:30:18.609083Z  INFO herdr::logging: pane child spawned event="pane.spawned" subsystem="pane" outcome="ok" pane_id=3 pid=33020
2026-09-10T10:30:18.609545Z  INFO herdr::logging: tab focused event="tab.focus" subsystem="tab" outcome="ok" workspace_id="w5" tab_id="w5:t2"
2026-09-10T10:30:20.061560Z  INFO herdr::logging: spawning pane terminal event="pane.spawn.start" subsystem="pane" outcome="started" pane_id=4 rows=21 cols=162 scrollback_limit_bytes=10000000
2026-09-10T10:30:20.064037Z  INFO herdr::logging: pane child spawned event="pane.spawned" subsystem="pane" outcome="ok" pane_id=4 pid=33157
2026-09-10T10:30:20.064349Z  INFO herdr::logging: tab focused event="tab.focus" subsystem="tab" outcome="ok" workspace_id="w5" tab_id="w5:t2"
2026-09-10T10:30:21.281886Z  INFO herdr::logging: api request received event="api.request.start" subsystem="api" outcome="started" request_id="cli:pane:focus" method="pane.focus_direction" changes_ui=true
2026-09-10T10:30:21.282162Z  INFO herdr::logging: tab focused event="tab.focus" subsystem="tab" outcome="ok" workspace_id="w5" tab_id="w5:t2"
2026-09-10T10:30:21.282210Z  INFO herdr::logging: tab focused event="tab.focus" subsystem="tab" outcome="ok" workspace_id="w5" tab_id="w5:t2"
2026-09-10T10:30:21.282448Z  INFO herdr::logging: api request completed event="api.request.complete" subsystem="api" outcome="ok" request_id="cli:pane:focus" method="pane.focus_direction"
2026-09-10T10:30:21.464332Z  INFO herdr::logging: api request received event="api.request.start" subsystem="api" outcome="started" request_id="cli:pane:focus" method="pane.focus_direction" changes_ui=true
2026-09-10T10:30:21.465001Z  INFO herdr::logging: api request completed event="api.request.complete" subsystem="api" outcome="ok" request_id="cli:pane:focus" method="pane.focus_direction"
2026-09-10T10:30:21.733031Z  INFO herdr::logging: api request received event="api.request.start" subsystem="api" outcome="started" request_id="cli:pane:focus" method="pane.focus_direction" changes_ui=true
2026-09-10T10:30:21.739599Z  INFO herdr::logging: tab focused event="tab.focus" subsystem="tab" outcome="ok" workspace_id="w5" tab_id="w5:t2"
2026-09-10T10:30:21.739668Z  INFO herdr::logging: tab focused event="tab.focus" subsystem="tab" outcome="ok" workspace_id="w5" tab_id="w5:t2"
2026-09-10T10:30:21.740442Z  INFO herdr::logging: api request completed event="api.request.complete" subsystem="api" outcome="ok" request_id="cli:pane:focus" method="pane.focus_direction"
2026-09-10T10:30:21.744676Z  INFO herdr::logging: api request received event="api.request.start" subsystem="api" outcome="started" request_id="cli:pane:focus" method="pane.focus_direction" changes_ui=true
2026-09-10T10:30:21.745029Z  INFO herdr::logging: api request completed event="api.request.complete" subsystem="api" outcome="ok" request_id="cli:pane:focus" method="pane.focus_direction"
2026-09-10T10:30:22.056390Z  INFO herdr::logging: api request received event="api.request.start" subsystem="api" outcome="started" request_id="cli:pane:focus" method="pane.focus_direction" changes_ui=true
2026-09-10T10:30:22.056823Z  INFO herdr::logging: api request completed event="api.request.complete" subsystem="api" outcome="ok" request_id="cli:pane:focus" method="pane.focus_direction"
2026-09-10T10:30:22.173222Z  INFO herdr::logging: api request received event="api.request.start" subsystem="api" outcome="started" request_id="cli:pane:focus" method="pane.focus_direction" changes_ui=true
2026-09-10T10:30:22.173529Z  INFO herdr::logging: tab focused event="tab.focus" subsystem="tab" outcome="ok" workspace_id="w5" tab_id="w5:t2"
2026-09-10T10:30:22.173577Z  INFO herdr::logging: tab focused event="tab.focus" subsystem="tab" outcome="ok" workspace_id="w5" tab_id="w5:t2"
2026-09-10T10:30:22.173729Z  INFO herdr::logging: api request completed event="api.request.complete" subsystem="api" outcome="ok" request_id="cli:pane:focus" method="pane.focus_direction"
2026-09-10T10:30:22.363146Z  INFO herdr::logging: api request received event="api.request.start" subsystem="api" outcome="started" request_id="cli:pane:focus" method="pane.focus_direction" changes_ui=true
2026-09-10T10:30:22.363622Z  INFO herdr::logging: tab focused event="tab.focus" subsystem="tab" outcome="ok" workspace_id="w5" tab_id="w5:t2"
2026-09-10T10:30:22.363670Z  INFO herdr::logging: tab focused event="tab.focus" subsystem="tab" outcome="ok" workspace_id="w5" tab_id="w5:t2"
2026-09-10T10:30:22.363859Z  INFO herdr::logging: api request completed event="api.request.complete" subsystem="api" outcome="ok" request_id="cli:pane:focus" method="pane.focus_direction"
2026-09-10T10:30:22.462632Z  INFO herdr::logging: api request received event="api.request.start" subsystem="api" outcome="started" request_id="cli:pane:focus" method="pane.focus_direction" changes_ui=true
2026-09-10T10:30:22.463068Z  INFO herdr::logging: api request completed event="api.request.complete" subsystem="api" outcome="ok" request_id="cli:pane:focus" method="pane.focus_direction"
2026-09-10T10:30:22.763764Z  INFO herdr::logging: api request received event="api.request.start" subsystem="api" outcome="started" request_id="cli:pane:focus" method="pane.focus_direction" changes_ui=true
2026-09-10T10:30:22.764268Z  INFO herdr::logging: api request completed event="api.request.complete" subsystem="api" outcome="ok" request_id="cli:pane:focus" method="pane.focus_direction"
2026-09-10T10:30:22.879519Z  INFO herdr::logging: api request received event="api.request.start" subsystem="api" outcome="started" request_id="cli:pane:focus" method="pane.focus_direction" changes_ui=true
2026-09-10T10:30:22.879882Z  INFO herdr::logging: tab focused event="tab.focus" subsystem="tab" outcome="ok" workspace_id="w5" tab_id="w5:t2"
2026-09-10T10:30:22.879941Z  INFO herdr::logging: tab focused event="tab.focus" subsystem="tab" outcome="ok" workspace_id="w5" tab_id="w5:t2"
2026-09-10T10:30:22.880129Z  INFO herdr::logging: api request completed event="api.request.complete" subsystem="api" outcome="ok" request_id="cli:pane:focus" method="pane.focus_direction"
2026-09-10T10:30:23.047075Z  INFO herdr::logging: api request received event="api.request.start" subsystem="api" outcome="started" request_id="cli:pane:focus" method="pane.focus_direction" changes_ui=true
2026-09-10T10:30:23.047311Z  INFO herdr::logging: tab focused event="tab.focus" subsystem="tab" outcome="ok" workspace_id="w5" tab_id="w5:t2"
2026-09-10T10:30:23.047333Z  INFO herdr::logging: tab focused event="tab.focus" subsystem="tab" outcome="ok" workspace_id="w5" tab_id="w5:t2"
2026-09-10T10:30:23.047516Z  INFO herdr::logging: api request completed event="api.request.complete" subsystem="api" outcome="ok" request_id="cli:pane:focus" method="pane.focus_direction"
2026-09-10T10:30:24.462793Z  INFO herdr::logging: api request received event="api.request.start" subsystem="api" outcome="started" request_id="cli:pane:focus" method="pane.focus_direction" changes_ui=true
2026-09-10T10:30:24.463010Z  INFO herdr::logging: tab focused event="tab.focus" subsystem="tab" outcome="ok" workspace_id="w5" tab_id="w5:t2"
2026-09-10T10:30:24.463036Z  INFO herdr::logging: tab focused event="tab.focus" subsystem="tab" outcome="ok" workspace_id="w5" tab_id="w5:t2"
2026-09-10T10:30:24.463172Z  INFO herdr::logging: api request completed event="api.request.complete" subsystem="api" outcome="ok" request_id="cli:pane:focus" method="pane.focus_direction"
2026-09-10T10:30:29.467293Z  INFO herdr::logging: session saved event="persist.save" subsystem="persist" outcome="ok" path=/home/simon/.config/herdr/session.json workspaces=1
2026-09-10T10:31:28.652375Z  INFO herdr::logging: api request received event="api.request.start" subsystem="api" outcome="started" request_id="cli:pane:focus" method="pane.focus_direction" changes_ui=true
2026-09-10T10:31:28.652607Z  INFO herdr::logging: tab focused event="tab.focus" subsystem="tab" outcome="ok" workspace_id="w5" tab_id="w5:t2"
2026-09-10T10:31:28.652652Z  INFO herdr::logging: tab focused event="tab.focus" subsystem="tab" outcome="ok" workspace_id="w5" tab_id="w5:t2"
2026-09-10T10:31:28.652870Z  INFO herdr::logging: api request completed event="api.request.complete" subsystem="api" outcome="ok" request_id="cli:pane:focus" method="pane.focus_direction"
2026-09-10T10:31:33.656188Z  INFO herdr::logging: session saved event="persist.save" subsystem="persist" outcome="ok" path=/home/simon/.config/herdr/session.json workspaces=1
2026-09-10T10:34:13.751159Z  INFO herdr::logging: tab focused event="tab.focus" subsystem="tab" outcome="ok" workspace_id="w5" tab_id="w5:t2"
2026-09-10T10:34:13.751280Z  INFO herdr::logging: tab focused event="tab.focus" subsystem="tab" outcome="ok" workspace_id="w5" tab_id="w5:t2"
2026-09-10T10:34:18.753933Z  INFO herdr::logging: session saved event="persist.save" subsystem="persist" outcome="ok" path=/home/simon/.config/herdr/session.json workspaces=1
2026-09-10T10:34:22.876995Z  INFO herdr::logging: api request received event="api.request.start" subsystem="api" outcome="started" request_id="cli:pane:focus" method="pane.focus_direction" changes_ui=true
2026-09-10T10:34:22.877221Z  INFO herdr::logging: tab focused event="tab.focus" subsystem="tab" outcome="ok" workspace_id="w5" tab_id="w5:t2"
2026-09-10T10:34:22.877304Z  INFO herdr::logging: tab focused event="tab.focus" subsystem="tab" outcome="ok" workspace_id="w5" tab_id="w5:t2"
2026-09-10T10:34:22.877507Z  INFO herdr::logging: api request completed event="api.request.complete" subsystem="api" outcome="ok" request_id="cli:pane:focus" method="pane.focus_direction"
2026-09-10T10:34:27.881066Z  INFO herdr::logging: session saved event="persist.save" subsystem="persist" outcome="ok" path=/home/simon/.config/herdr/session.json workspaces=1
2026-09-10T10:34:43.350833Z  INFO herdr::logging: api request received event="api.request.start" subsystem="api" outcome="started" request_id="cli:plugin" method="plugin.unlink" changes_ui=true
2026-09-10T10:34:43.351343Z  INFO herdr::logging: api request completed event="api.request.complete" subsystem="api" outcome="ok" request_id="cli:plugin" method="plugin.unlink"
2026-09-10T10:34:50.893806Z  INFO herdr::logging: tab focused event="tab.focus" subsystem="tab" outcome="ok" workspace_id="w5" tab_id="w5:t2"
2026-09-10T10:34:54.841164Z  INFO herdr::logging: api request received event="api.request.start" subsystem="api" outcome="started" request_id="cli:server:reload-config" method="server.reload_config" changes_ui=true
2026-09-10T10:34:54.842892Z  INFO herdr::logging: api request completed event="api.request.complete" subsystem="api" outcome="ok" request_id="cli:server:reload-config" method="server.reload_config"
2026-09-10T10:34:55.897184Z  INFO herdr::logging: session saved event="persist.save" subsystem="persist" outcome="ok" path=/home/simon/.config/herdr/session.json workspaces=1
2026-09-10T10:35:06.195502Z  INFO herdr::logging: tab focused event="tab.focus" subsystem="tab" outcome="ok" workspace_id="w5" tab_id="w5:t2"
2026-09-10T10:35:11.198698Z  INFO herdr::logging: session saved event="persist.save" subsystem="persist" outcome="ok" path=/home/simon/.config/herdr/session.json workspaces=1
2026-09-10T10:35:42.950380Z  INFO herdr::logging: tab focused event="tab.focus" subsystem="tab" outcome="ok" workspace_id="w5" tab_id="w5:t2"
2026-09-10T10:35:44.252689Z  INFO herdr::logging: api request received event="api.request.start" subsystem="api" outcome="started" request_id="cli:server:reload-config" method="server.reload_config" changes_ui=true
2026-09-10T10:35:44.254448Z  INFO herdr::logging: api request completed event="api.request.complete" subsystem="api" outcome="ok" request_id="cli:server:reload-config" method="server.reload_config"
2026-09-10T10:35:44.871374Z  INFO herdr::logging: api request received event="api.request.start" subsystem="api" outcome="started" request_id="herdr-nvim-nav" method="pane.focus_direction" changes_ui=true
2026-09-10T10:35:44.875961Z  INFO herdr::logging: tab focused event="tab.focus" subsystem="tab" outcome="ok" workspace_id="w5" tab_id="w5:t2"
2026-09-10T10:35:44.876073Z  INFO herdr::logging: tab focused event="tab.focus" subsystem="tab" outcome="ok" workspace_id="w5" tab_id="w5:t2"
2026-09-10T10:35:44.876361Z  INFO herdr::logging: api request completed event="api.request.complete" subsystem="api" outcome="ok" request_id="herdr-nvim-nav" method="pane.focus_direction"
2026-09-10T10:35:45.248701Z  INFO herdr::logging: api request received event="api.request.start" subsystem="api" outcome="started" request_id="herdr-nvim-nav" method="pane.focus_direction" changes_ui=true
2026-09-10T10:35:45.249079Z  INFO herdr::logging: tab focused event="tab.focus" subsystem="tab" outcome="ok" workspace_id="w5" tab_id="w5:t2"
2026-09-10T10:35:45.249172Z  INFO herdr::logging: tab focused event="tab.focus" subsystem="tab" outcome="ok" workspace_id="w5" tab_id="w5:t2"
2026-09-10T10:35:45.249554Z  INFO herdr::logging: api request completed event="api.request.complete" subsystem="api" outcome="ok" request_id="herdr-nvim-nav" method="pane.focus_direction"
2026-09-10T10:35:45.342978Z  INFO herdr::logging: api request received event="api.request.start" subsystem="api" outcome="started" request_id="herdr-nvim-nav" method="pane.focus_direction" changes_ui=true
2026-09-10T10:35:45.347784Z  INFO herdr::logging: tab focused event="tab.focus" subsystem="tab" outcome="ok" workspace_id="w5" tab_id="w5:t2"
2026-09-10T10:35:45.347879Z  INFO herdr::logging: tab focused event="tab.focus" subsystem="tab" outcome="ok" workspace_id="w5" tab_id="w5:t2"
2026-09-10T10:35:45.348952Z  INFO herdr::logging: api request completed event="api.request.complete" subsystem="api" outcome="ok" request_id="herdr-nvim-nav" method="pane.focus_direction"
2026-09-10T10:35:45.578051Z  INFO herdr::logging: api request received event="api.request.start" subsystem="api" outcome="started" request_id="herdr-nvim-nav" method="pane.focus_direction" changes_ui=true
2026-09-10T10:35:45.583789Z  INFO herdr::logging: api request completed event="api.request.complete" subsystem="api" outcome="ok" request_id="herdr-nvim-nav" method="pane.focus_direction"
2026-09-10T10:35:45.906884Z  INFO herdr::logging: api request received event="api.request.start" subsystem="api" outcome="started" request_id="herdr-nvim-nav" method="pane.focus_direction" changes_ui=true
2026-09-10T10:35:45.907241Z  INFO herdr::logging: tab focused event="tab.focus" subsystem="tab" outcome="ok" workspace_id="w5" tab_id="w5:t2"
2026-09-10T10:35:45.907323Z  INFO herdr::logging: tab focused event="tab.focus" subsystem="tab" outcome="ok" workspace_id="w5" tab_id="w5:t2"
2026-09-10T10:35:45.907596Z  INFO herdr::logging: api request completed event="api.request.complete" subsystem="api" outcome="ok" request_id="herdr-nvim-nav" method="pane.focus_direction"
2026-09-10T10:35:46.031052Z  INFO herdr::logging: api request received event="api.request.start" subsystem="api" outcome="started" request_id="herdr-nvim-nav" method="pane.focus_direction" changes_ui=true
2026-09-10T10:35:46.037348Z  INFO herdr::logging: tab focused event="tab.focus" subsystem="tab" outcome="ok" workspace_id="w5" tab_id="w5:t2"
2026-09-10T10:35:46.037619Z  INFO herdr::logging: tab focused event="tab.focus" subsystem="tab" outcome="ok" workspace_id="w5" tab_id="w5:t2"
2026-09-10T10:35:46.037924Z  INFO herdr::logging: api request completed event="api.request.complete" subsystem="api" outcome="ok" request_id="herdr-nvim-nav" method="pane.focus_direction"
2026-09-10T10:35:46.230552Z  INFO herdr::logging: api request received event="api.request.start" subsystem="api" outcome="started" request_id="herdr-nvim-nav" method="pane.focus_direction" changes_ui=true
2026-09-10T10:35:46.235269Z  INFO herdr::logging: api request completed event="api.request.complete" subsystem="api" outcome="ok" request_id="herdr-nvim-nav" method="pane.focus_direction"
2026-09-10T10:35:46.498447Z  INFO herdr::logging: api request received event="api.request.start" subsystem="api" outcome="started" request_id="herdr-nvim-nav" method="pane.focus_direction" changes_ui=true
2026-09-10T10:35:46.502919Z  INFO herdr::logging: tab focused event="tab.focus" subsystem="tab" outcome="ok" workspace_id="w5" tab_id="w5:t2"
2026-09-10T10:35:46.502981Z  INFO herdr::logging: tab focused event="tab.focus" subsystem="tab" outcome="ok" workspace_id="w5" tab_id="w5:t2"
2026-09-10T10:35:46.503219Z  INFO herdr::logging: api request completed event="api.request.complete" subsystem="api" outcome="ok" request_id="herdr-nvim-nav" method="pane.focus_direction"
2026-09-10T10:35:46.860556Z  INFO herdr::logging: api request received event="api.request.start" subsystem="api" outcome="started" request_id="herdr-nvim-nav" method="pane.focus_direction" changes_ui=true
2026-09-10T10:35:46.865215Z  INFO herdr::logging: tab focused event="tab.focus" subsystem="tab" outcome="ok" workspace_id="w5" tab_id="w5:t2"
2026-09-10T10:35:46.865272Z  INFO herdr::logging: tab focused event="tab.focus" subsystem="tab" outcome="ok" workspace_id="w5" tab_id="w5:t2"
2026-09-10T10:35:46.865523Z  INFO herdr::logging: api request completed event="api.request.complete" subsystem="api" outcome="ok" request_id="herdr-nvim-nav" method="pane.focus_direction"
2026-09-10T10:35:47.092955Z  INFO herdr::logging: api request received event="api.request.start" subsystem="api" outcome="started" request_id="herdr-nvim-nav" method="pane.focus_direction" changes_ui=true
2026-09-10T10:35:47.097621Z  INFO herdr::logging: tab focused event="tab.focus" subsystem="tab" outcome="ok" workspace_id="w5" tab_id="w5:t2"
2026-09-10T10:35:47.097728Z  INFO herdr::logging: tab focused event="tab.focus" subsystem="tab" outcome="ok" workspace_id="w5" tab_id="w5:t2"
2026-09-10T10:35:47.097937Z  INFO herdr::logging: api request completed event="api.request.complete" subsystem="api" outcome="ok" request_id="herdr-nvim-nav" method="pane.focus_direction"
2026-09-10T10:35:47.263757Z  INFO herdr::logging: api request received event="api.request.start" subsystem="api" outcome="started" request_id="herdr-nvim-nav" method="pane.focus_direction" changes_ui=true
2026-09-10T10:35:47.264021Z  INFO herdr::logging: tab focused event="tab.focus" subsystem="tab" outcome="ok" workspace_id="w5" tab_id="w5:t2"
2026-09-10T10:35:47.264050Z  INFO herdr::logging: tab focused event="tab.focus" subsystem="tab" outcome="ok" workspace_id="w5" tab_id="w5:t2"
2026-09-10T10:35:47.264251Z  INFO herdr::logging: api request completed event="api.request.complete" subsystem="api" outcome="ok" request_id="herdr-nvim-nav" method="pane.focus_direction"
2026-09-10T10:35:47.447906Z  INFO herdr::logging: api request received event="api.request.start" subsystem="api" outcome="started" request_id="herdr-nvim-nav" method="pane.focus_direction" changes_ui=true
2026-09-10T10:35:47.452722Z  INFO herdr::logging: tab focused event="tab.focus" subsystem="tab" outcome="ok" workspace_id="w5" tab_id="w5:t2"
2026-09-10T10:35:47.452844Z  INFO herdr::logging: tab focused event="tab.focus" subsystem="tab" outcome="ok" workspace_id="w5" tab_id="w5:t2"
2026-09-10T10:35:47.453077Z  INFO herdr::logging: api request completed event="api.request.complete" subsystem="api" outcome="ok" request_id="herdr-nvim-nav" method="pane.focus_direction"
2026-09-10T10:35:47.658445Z  INFO herdr::logging: api request received event="api.request.start" subsystem="api" outcome="started" request_id="herdr-nvim-nav" method="pane.focus_direction" changes_ui=true
2026-09-10T10:35:47.663169Z  INFO herdr::logging: tab focused event="tab.focus" subsystem="tab" outcome="ok" workspace_id="w5" tab_id="w5:t2"
2026-09-10T10:35:47.663265Z  INFO herdr::logging: tab focused event="tab.focus" subsystem="tab" outcome="ok" workspace_id="w5" tab_id="w5:t2"
2026-09-10T10:35:47.663483Z  INFO herdr::logging: api request completed event="api.request.complete" subsystem="api" outcome="ok" request_id="herdr-nvim-nav" method="pane.focus_direction"
2026-09-10T10:35:47.862143Z  INFO herdr::logging: api request received event="api.request.start" subsystem="api" outcome="started" request_id="herdr-nvim-nav" method="pane.focus_direction" changes_ui=true
2026-09-10T10:35:47.868533Z  INFO herdr::logging: api request completed event="api.request.complete" subsystem="api" outcome="ok" request_id="herdr-nvim-nav" method="pane.focus_direction"
2026-09-10T10:35:47.927599Z  INFO herdr::logging: api request received event="api.request.start" subsystem="api" outcome="started" request_id="herdr-nvim-nav" method="pane.focus_direction" changes_ui=true
2026-09-10T10:35:47.931608Z  INFO herdr::logging: api request completed event="api.request.complete" subsystem="api" outcome="ok" request_id="herdr-nvim-nav" method="pane.focus_direction"
2026-09-10T10:35:47.935269Z  INFO herdr::logging: api request received event="api.request.start" subsystem="api" outcome="started" request_id="herdr-nvim-nav" method="pane.focus_direction" changes_ui=true
2026-09-10T10:35:47.935602Z  INFO herdr::logging: tab focused event="tab.focus" subsystem="tab" outcome="ok" workspace_id="w5" tab_id="w5:t2"
2026-09-10T10:35:47.935646Z  INFO herdr::logging: tab focused event="tab.focus" subsystem="tab" outcome="ok" workspace_id="w5" tab_id="w5:t2"
2026-09-10T10:35:47.935829Z  INFO herdr::logging: api request completed event="api.request.complete" subsystem="api" outcome="ok" request_id="herdr-nvim-nav" method="pane.focus_direction"
2026-09-10T10:35:48.128243Z  INFO herdr::logging: api request received event="api.request.start" subsystem="api" outcome="started" request_id="herdr-nvim-nav" method="pane.focus_direction" changes_ui=true
2026-09-10T10:35:48.133263Z  INFO herdr::logging: api request completed event="api.request.complete" subsystem="api" outcome="ok" request_id="herdr-nvim-nav" method="pane.focus_direction"
2026-09-10T10:35:48.355424Z  INFO herdr::logging: api request received event="api.request.start" subsystem="api" outcome="started" request_id="herdr-nvim-nav" method="pane.focus_direction" changes_ui=true
2026-09-10T10:35:48.360217Z  INFO herdr::logging: api request completed event="api.request.complete" subsystem="api" outcome="ok" request_id="herdr-nvim-nav" method="pane.focus_direction"
2026-09-10T10:35:48.513919Z  INFO herdr::logging: api request received event="api.request.start" subsystem="api" outcome="started" request_id="herdr-nvim-nav" method="pane.focus_direction" changes_ui=true
2026-09-10T10:35:48.519277Z  INFO herdr::logging: tab focused event="tab.focus" subsystem="tab" outcome="ok" workspace_id="w5" tab_id="w5:t2"
2026-09-10T10:35:48.519378Z  INFO herdr::logging: tab focused event="tab.focus" subsystem="tab" outcome="ok" workspace_id="w5" tab_id="w5:t2"
2026-09-10T10:35:48.519576Z  INFO herdr::logging: api request completed event="api.request.complete" subsystem="api" outcome="ok" request_id="herdr-nvim-nav" method="pane.focus_direction"
2026-09-10T10:35:49.978000Z  INFO herdr::logging: api request received event="api.request.start" subsystem="api" outcome="started" request_id="herdr-nvim-nav" method="pane.focus_direction" changes_ui=true
2026-09-10T10:35:49.983925Z  INFO herdr::logging: tab focused event="tab.focus" subsystem="tab" outcome="ok" workspace_id="w5" tab_id="w5:t2"
2026-09-10T10:35:49.984017Z  INFO herdr::logging: tab focused event="tab.focus" subsystem="tab" outcome="ok" workspace_id="w5" tab_id="w5:t2"
2026-09-10T10:35:49.984266Z  INFO herdr::logging: api request completed event="api.request.complete" subsystem="api" outcome="ok" request_id="herdr-nvim-nav" method="pane.focus_direction"
2026-09-10T10:35:50.418758Z  INFO herdr::logging: api request received event="api.request.start" subsystem="api" outcome="started" request_id="herdr-nvim-nav" method="pane.focus_direction" changes_ui=true
2026-09-10T10:35:50.419109Z  INFO herdr::logging: tab focused event="tab.focus" subsystem="tab" outcome="ok" workspace_id="w5" tab_id="w5:t2"
2026-09-10T10:35:50.419163Z  INFO herdr::logging: tab focused event="tab.focus" subsystem="tab" outcome="ok" workspace_id="w5" tab_id="w5:t2"
2026-09-10T10:35:50.419461Z  INFO herdr::logging: api request completed event="api.request.complete" subsystem="api" outcome="ok" request_id="herdr-nvim-nav" method="pane.focus_direction"
2026-09-10T10:35:50.620439Z  INFO herdr::logging: api request received event="api.request.start" subsystem="api" outcome="started" request_id="herdr-nvim-nav" method="pane.focus_direction" changes_ui=true
2026-09-10T10:35:50.626242Z  INFO herdr::logging: api request completed event="api.request.complete" subsystem="api" outcome="ok" request_id="herdr-nvim-nav" method="pane.focus_direction"
2026-09-10T10:35:51.018537Z  INFO herdr::logging: api request received event="api.request.start" subsystem="api" outcome="started" request_id="herdr-nvim-nav" method="pane.focus_direction" changes_ui=true
2026-09-10T10:35:51.018897Z  INFO herdr::logging: tab focused event="tab.focus" subsystem="tab" outcome="ok" workspace_id="w5" tab_id="w5:t2"
2026-09-10T10:35:51.018965Z  INFO herdr::logging: tab focused event="tab.focus" subsystem="tab" outcome="ok" workspace_id="w5" tab_id="w5:t2"
2026-09-10T10:35:51.019152Z  INFO herdr::logging: api request completed event="api.request.complete" subsystem="api" outcome="ok" request_id="herdr-nvim-nav" method="pane.focus_direction"
2026-09-10T10:35:51.292421Z  INFO herdr::logging: api request received event="api.request.start" subsystem="api" outcome="started" request_id="herdr-nvim-nav" method="pane.focus_direction" changes_ui=true
2026-09-10T10:35:51.298743Z  INFO herdr::logging: api request completed event="api.request.complete" subsystem="api" outcome="ok" request_id="herdr-nvim-nav" method="pane.focus_direction"
2026-09-10T10:35:51.677124Z  INFO herdr::logging: api request received event="api.request.start" subsystem="api" outcome="started" request_id="herdr-nvim-nav" method="pane.focus_direction" changes_ui=true
2026-09-10T10:35:51.682228Z  INFO herdr::logging: tab focused event="tab.focus" subsystem="tab" outcome="ok" workspace_id="w5" tab_id="w5:t2"
2026-09-10T10:35:51.682331Z  INFO herdr::logging: tab focused event="tab.focus" subsystem="tab" outcome="ok" workspace_id="w5" tab_id="w5:t2"
2026-09-10T10:35:51.682609Z  INFO herdr::logging: api request completed event="api.request.complete" subsystem="api" outcome="ok" request_id="herdr-nvim-nav" method="pane.focus_direction"
2026-09-10T10:35:53.724014Z  INFO herdr::logging: api request received event="api.request.start" subsystem="api" outcome="started" request_id="herdr-nvim-nav" method="pane.focus_direction" changes_ui=true
2026-09-10T10:35:53.729865Z  INFO herdr::logging: tab focused event="tab.focus" subsystem="tab" outcome="ok" workspace_id="w5" tab_id="w5:t2"
2026-09-10T10:35:53.729962Z  INFO herdr::logging: tab focused event="tab.focus" subsystem="tab" outcome="ok" workspace_id="w5" tab_id="w5:t2"
2026-09-10T10:35:53.730208Z  INFO herdr::logging: api request completed event="api.request.complete" subsystem="api" outcome="ok" request_id="herdr-nvim-nav" method="pane.focus_direction"
2026-09-10T10:35:54.078561Z  INFO herdr::logging: api request received event="api.request.start" subsystem="api" outcome="started" request_id="herdr-nvim-nav" method="pane.focus_direction" changes_ui=true
2026-09-10T10:35:54.085482Z  INFO herdr::logging: tab focused event="tab.focus" subsystem="tab" outcome="ok" workspace_id="w5" tab_id="w5:t2"
2026-09-10T10:35:54.085555Z  INFO herdr::logging: tab focused event="tab.focus" subsystem="tab" outcome="ok" workspace_id="w5" tab_id="w5:t2"
2026-09-10T10:35:54.085993Z  INFO herdr::logging: api request completed event="api.request.complete" subsystem="api" outcome="ok" request_id="herdr-nvim-nav" method="pane.focus_direction"
2026-09-10T10:35:56.173024Z  INFO herdr::logging: spawning pane terminal event="pane.spawn.start" subsystem="pane" outcome="started" pane_id=5 rows=21 cols=162 scrollback_limit_bytes=10000000
2026-09-10T10:35:56.175830Z  INFO herdr::logging: pane child spawned event="pane.spawned" subsystem="pane" outcome="ok" pane_id=5 pid=34947
2026-09-10T10:35:56.176312Z  INFO herdr::logging: tab focused event="tab.focus" subsystem="tab" outcome="ok" workspace_id="w5" tab_id="w5:t2"
2026-09-10T10:35:57.378499Z  INFO herdr::logging: pane child exited event="pane.exit" subsystem="pane" outcome="completed" pane_id=5 status="ExitStatus { code: 1, signal: None }"
2026-09-10T10:35:57.388869Z  INFO herdr::pane: pane session terminated pane=5 pid=34947 signal=Hangup
2026-09-10T10:35:57.390437Z  WARN herdr::app::actions: PaneDied for unknown pane pane=5
2026-09-10T10:36:02.392254Z  INFO herdr::logging: session saved event="persist.save" subsystem="persist" outcome="ok" path=/home/simon/.config/herdr/session.json workspaces=1
2026-09-10T10:36:03.863357Z  INFO herdr::logging: api request received event="api.request.start" subsystem="api" outcome="started" request_id="herdr-nvim-nav" method="pane.focus_direction" changes_ui=true
2026-09-10T10:36:03.869397Z  INFO herdr::logging: tab focused event="tab.focus" subsystem="tab" outcome="ok" workspace_id="w5" tab_id="w5:t2"
2026-09-10T10:36:03.869573Z  INFO herdr::logging: tab focused event="tab.focus" subsystem="tab" outcome="ok" workspace_id="w5" tab_id="w5:t2"
2026-09-10T10:36:03.869849Z  INFO herdr::logging: api request completed event="api.request.complete" subsystem="api" outcome="ok" request_id="herdr-nvim-nav" method="pane.focus_direction"
2026-09-10T10:36:04.238696Z  INFO herdr::logging: api request received event="api.request.start" subsystem="api" outcome="started" request_id="herdr-nvim-nav" method="pane.focus_direction" changes_ui=true
2026-09-10T10:36:04.245348Z  INFO herdr::logging: tab focused event="tab.focus" subsystem="tab" outcome="ok" workspace_id="w5" tab_id="w5:t2"
2026-09-10T10:36:04.245456Z  INFO herdr::logging: tab focused event="tab.focus" subsystem="tab" outcome="ok" workspace_id="w5" tab_id="w5:t2"
2026-09-10T10:36:04.245674Z  INFO herdr::logging: api request completed event="api.request.complete" subsystem="api" outcome="ok" request_id="herdr-nvim-nav" method="pane.focus_direction"
2026-09-10T10:36:04.688953Z  INFO herdr::logging: api request received event="api.request.start" subsystem="api" outcome="started" request_id="herdr-nvim-nav" method="pane.focus_direction" changes_ui=true
2026-09-10T10:36:04.695482Z  INFO herdr::logging: tab focused event="tab.focus" subsystem="tab" outcome="ok" workspace_id="w5" tab_id="w5:t2"
2026-09-10T10:36:04.695579Z  INFO herdr::logging: tab focused event="tab.focus" subsystem="tab" outcome="ok" workspace_id="w5" tab_id="w5:t2"
2026-09-10T10:36:04.695804Z  INFO herdr::logging: api request completed event="api.request.complete" subsystem="api" outcome="ok" request_id="herdr-nvim-nav" method="pane.focus_direction"
2026-09-10T10:36:04.911975Z  INFO herdr::logging: api request received event="api.request.start" subsystem="api" outcome="started" request_id="herdr-nvim-nav" method="pane.focus_direction" changes_ui=true
2026-09-10T10:36:04.919018Z  INFO herdr::logging: tab focused event="tab.focus" subsystem="tab" outcome="ok" workspace_id="w5" tab_id="w5:t2"
2026-09-10T10:36:04.919121Z  INFO herdr::logging: tab focused event="tab.focus" subsystem="tab" outcome="ok" workspace_id="w5" tab_id="w5:t2"
2026-09-10T10:36:04.919367Z  INFO herdr::logging: api request completed event="api.request.complete" subsystem="api" outcome="ok" request_id="herdr-nvim-nav" method="pane.focus_direction"
2026-09-10T10:36:05.124555Z  INFO herdr::logging: api request received event="api.request.start" subsystem="api" outcome="started" request_id="herdr-nvim-nav" method="pane.focus_direction" changes_ui=true
2026-09-10T10:36:05.131146Z  INFO herdr::logging: api request completed event="api.request.complete" subsystem="api" outcome="ok" request_id="herdr-nvim-nav" method="pane.focus_direction"
2026-09-10T10:36:09.922292Z  INFO herdr::logging: session saved event="persist.save" subsystem="persist" outcome="ok" path=/home/simon/.config/herdr/session.json workspaces=1
2026-09-10T10:36:30.249649Z  INFO herdr::logging: api request received event="api.request.start" subsystem="api" outcome="started" request_id="herdr-nvim-nav" method="pane.focus_direction" changes_ui=true
2026-09-10T10:36:30.254013Z  INFO herdr::logging: tab focused event="tab.focus" subsystem="tab" outcome="ok" workspace_id="w5" tab_id="w5:t2"
2026-09-10T10:36:30.254119Z  INFO herdr::logging: tab focused event="tab.focus" subsystem="tab" outcome="ok" workspace_id="w5" tab_id="w5:t2"
2026-09-10T10:36:30.254477Z  INFO herdr::logging: api request completed event="api.request.complete" subsystem="api" outcome="ok" request_id="herdr-nvim-nav" method="pane.focus_direction"
2026-09-10T10:36:35.259037Z  INFO herdr::logging: session saved event="persist.save" subsystem="persist" outcome="ok" path=/home/simon/.config/herdr/session.json workspaces=1
2026-09-10T10:37:09.980603Z  INFO herdr::logging: api request received event="api.request.start" subsystem="api" outcome="started" request_id="herdr-nvim-nav" method="pane.focus_direction" changes_ui=true
2026-09-10T10:37:09.985833Z  INFO herdr::logging: api request completed event="api.request.complete" subsystem="api" outcome="ok" request_id="herdr-nvim-nav" method="pane.focus_direction"
2026-09-10T10:37:10.242337Z  INFO herdr::logging: api request received event="api.request.start" subsystem="api" outcome="started" request_id="herdr-nvim-nav" method="pane.focus_direction" changes_ui=true
2026-09-10T10:37:10.247324Z  INFO herdr::logging: api request completed event="api.request.complete" subsystem="api" outcome="ok" request_id="herdr-nvim-nav" method="pane.focus_direction"
2026-09-10T10:37:10.414628Z  INFO herdr::logging: api request received event="api.request.start" subsystem="api" outcome="started" request_id="herdr-nvim-nav" method="pane.focus_direction" changes_ui=true
2026-09-10T10:37:10.419646Z  INFO herdr::logging: api request completed event="api.request.complete" subsystem="api" outcome="ok" request_id="herdr-nvim-nav" method="pane.focus_direction"
2026-09-10T10:37:12.833330Z  INFO herdr::logging: pane child exited event="pane.exit" subsystem="pane" outcome="completed" pane_id=2 status="ExitStatus { code: 1, signal: None }"
2026-09-10T10:37:12.842222Z  INFO herdr::pane: pane session terminated pane=2 pid=32752 signal=Hangup
2026-09-10T10:37:12.845559Z  WARN herdr::app::actions: PaneDied for unknown pane pane=2
2026-09-10T10:37:15.286277Z  INFO herdr::logging: pane child exited event="pane.exit" subsystem="pane" outcome="completed" pane_id=4 status="ExitStatus { code: 1, signal: None }"
2026-09-10T10:37:15.294095Z  INFO herdr::pane: pane session terminated pane=4 pid=33157 signal=Hangup
2026-09-10T10:37:15.297903Z  WARN herdr::app::actions: PaneDied for unknown pane pane=4
2026-09-10T10:37:20.297161Z  INFO herdr::logging: session saved event="persist.save" subsystem="persist" outcome="ok" path=/home/simon/.config/herdr/session.json workspaces=1
2026-09-10T10:38:23.430330Z  INFO herdr::logging: spawning pane terminal event="pane.spawn.start" subsystem="pane" outcome="started" pane_id=6 rows=42 cols=162 scrollback_limit_bytes=10000000
2026-09-10T10:38:23.433081Z  INFO herdr::logging: pane child spawned event="pane.spawned" subsystem="pane" outcome="ok" pane_id=6 pid=36432
2026-09-10T10:38:23.433409Z  INFO herdr::logging: tab focused event="tab.focus" subsystem="tab" outcome="ok" workspace_id="w5" tab_id="w5:t2"
2026-09-10T10:38:24.959111Z  INFO herdr::logging: spawning pane terminal event="pane.spawn.start" subsystem="pane" outcome="started" pane_id=7 rows=21 cols=162 scrollback_limit_bytes=10000000
2026-09-10T10:38:24.961873Z  INFO herdr::logging: pane child spawned event="pane.spawned" subsystem="pane" outcome="ok" pane_id=7 pid=36560
2026-09-10T10:38:24.962196Z  INFO herdr::logging: tab focused event="tab.focus" subsystem="tab" outcome="ok" workspace_id="w5" tab_id="w5:t2"
2026-09-10T10:38:25.964188Z  INFO herdr::logging: api request received event="api.request.start" subsystem="api" outcome="started" request_id="herdr-nvim-nav" method="pane.focus_direction" changes_ui=true
2026-09-10T10:38:25.968815Z  INFO herdr::logging: tab focused event="tab.focus" subsystem="tab" outcome="ok" workspace_id="w5" tab_id="w5:t2"
2026-09-10T10:38:25.968972Z  INFO herdr::logging: tab focused event="tab.focus" subsystem="tab" outcome="ok" workspace_id="w5" tab_id="w5:t2"
2026-09-10T10:38:25.969191Z  INFO herdr::logging: api request completed event="api.request.complete" subsystem="api" outcome="ok" request_id="herdr-nvim-nav" method="pane.focus_direction"
2026-09-10T10:38:26.216879Z  INFO herdr::logging: api request received event="api.request.start" subsystem="api" outcome="started" request_id="herdr-nvim-nav" method="pane.focus_direction" changes_ui=true
2026-09-10T10:38:26.221561Z  INFO herdr::logging: tab focused event="tab.focus" subsystem="tab" outcome="ok" workspace_id="w5" tab_id="w5:t2"
2026-09-10T10:38:26.221657Z  INFO herdr::logging: tab focused event="tab.focus" subsystem="tab" outcome="ok" workspace_id="w5" tab_id="w5:t2"
2026-09-10T10:38:26.221886Z  INFO herdr::logging: api request completed event="api.request.complete" subsystem="api" outcome="ok" request_id="herdr-nvim-nav" method="pane.focus_direction"
2026-09-10T10:38:30.261943Z  INFO herdr::logging: api request received event="api.request.start" subsystem="api" outcome="started" request_id="nvim.nav" method="pane.focus_direction" changes_ui=true
2026-09-10T10:38:30.262418Z  INFO herdr::logging: api request completed event="api.request.complete" subsystem="api" outcome="ok" request_id="nvim.nav" method="pane.focus_direction"
2026-09-10T10:38:31.224856Z  INFO herdr::logging: session saved event="persist.save" subsystem="persist" outcome="ok" path=/home/simon/.config/herdr/session.json workspaces=1
2026-09-10T10:38:40.404375Z  INFO herdr::logging: spawning pane terminal event="pane.spawn.start" subsystem="pane" outcome="started" pane_id=8 rows=21 cols=162 scrollback_limit_bytes=10000000
2026-09-10T10:38:40.406789Z  INFO herdr::logging: pane child spawned event="pane.spawned" subsystem="pane" outcome="ok" pane_id=8 pid=36948
2026-09-10T10:38:40.407153Z  INFO herdr::logging: tab focused event="tab.focus" subsystem="tab" outcome="ok" workspace_id="w5" tab_id="w5:t2"
2026-09-10T10:38:41.419289Z  INFO herdr::logging: api request received event="api.request.start" subsystem="api" outcome="started" request_id="herdr-nvim-nav" method="pane.focus_direction" changes_ui=true
2026-09-10T10:38:41.424992Z  INFO herdr::logging: tab focused event="tab.focus" subsystem="tab" outcome="ok" workspace_id="w5" tab_id="w5:t2"
2026-09-10T10:38:41.425086Z  INFO herdr::logging: tab focused event="tab.focus" subsystem="tab" outcome="ok" workspace_id="w5" tab_id="w5:t2"
2026-09-10T10:38:41.425329Z  INFO herdr::logging: api request completed event="api.request.complete" subsystem="api" outcome="ok" request_id="herdr-nvim-nav" method="pane.focus_direction"
2026-09-10T10:38:42.884689Z  INFO herdr::logging: api request received event="api.request.start" subsystem="api" outcome="started" request_id="nvim.nav" method="pane.focus_direction" changes_ui=true
2026-09-10T10:38:42.884867Z  INFO herdr::logging: tab focused event="tab.focus" subsystem="tab" outcome="ok" workspace_id="w5" tab_id="w5:t2"
2026-09-10T10:38:42.884894Z  INFO herdr::logging: tab focused event="tab.focus" subsystem="tab" outcome="ok" workspace_id="w5" tab_id="w5:t2"
2026-09-10T10:38:42.885015Z  INFO herdr::logging: api request completed event="api.request.complete" subsystem="api" outcome="ok" request_id="nvim.nav" method="pane.focus_direction"
2026-09-10T10:38:43.225627Z  INFO herdr::logging: api request received event="api.request.start" subsystem="api" outcome="started" request_id="herdr-nvim-nav" method="pane.focus_direction" changes_ui=true
2026-09-10T10:38:43.230988Z  INFO herdr::logging: tab focused event="tab.focus" subsystem="tab" outcome="ok" workspace_id="w5" tab_id="w5:t2"
2026-09-10T10:38:43.231083Z  INFO herdr::logging: tab focused event="tab.focus" subsystem="tab" outcome="ok" workspace_id="w5" tab_id="w5:t2"
2026-09-10T10:38:43.231286Z  INFO herdr::logging: api request completed event="api.request.complete" subsystem="api" outcome="ok" request_id="herdr-nvim-nav" method="pane.focus_direction"
2026-09-10T10:38:44.205045Z  INFO herdr::logging: api request received event="api.request.start" subsystem="api" outcome="started" request_id="nvim.nav" method="pane.focus_direction" changes_ui=true
2026-09-10T10:38:44.205341Z  INFO herdr::logging: tab focused event="tab.focus" subsystem="tab" outcome="ok" workspace_id="w5" tab_id="w5:t2"
2026-09-10T10:38:44.205405Z  INFO herdr::logging: tab focused event="tab.focus" subsystem="tab" outcome="ok" workspace_id="w5" tab_id="w5:t2"
2026-09-10T10:38:44.205603Z  INFO herdr::logging: api request completed event="api.request.complete" subsystem="api" outcome="ok" request_id="nvim.nav" method="pane.focus_direction"
2026-09-10T10:38:44.727075Z  INFO herdr::logging: api request received event="api.request.start" subsystem="api" outcome="started" request_id="herdr-nvim-nav" method="pane.focus_direction" changes_ui=true
2026-09-10T10:38:44.731525Z  INFO herdr::logging: tab focused event="tab.focus" subsystem="tab" outcome="ok" workspace_id="w5" tab_id="w5:t2"
2026-09-10T10:38:44.731599Z  INFO herdr::logging: tab focused event="tab.focus" subsystem="tab" outcome="ok" workspace_id="w5" tab_id="w5:t2"
2026-09-10T10:38:44.732656Z  INFO herdr::logging: api request completed event="api.request.complete" subsystem="api" outcome="ok" request_id="herdr-nvim-nav" method="pane.focus_direction"
2026-09-10T10:38:45.085367Z  INFO herdr::logging: api request received event="api.request.start" subsystem="api" outcome="started" request_id="herdr-nvim-nav" method="pane.focus_direction" changes_ui=true
2026-09-10T10:38:45.088704Z  INFO herdr::logging: tab focused event="tab.focus" subsystem="tab" outcome="ok" workspace_id="w5" tab_id="w5:t2"
2026-09-10T10:38:45.088796Z  INFO herdr::logging: tab focused event="tab.focus" subsystem="tab" outcome="ok" workspace_id="w5" tab_id="w5:t2"
2026-09-10T10:38:45.089027Z  INFO herdr::logging: api request completed event="api.request.complete" subsystem="api" outcome="ok" request_id="herdr-nvim-nav" method="pane.focus_direction"
2026-09-10T10:38:45.387505Z  INFO herdr::logging: api request received event="api.request.start" subsystem="api" outcome="started" request_id="herdr-nvim-nav" method="pane.focus_direction" changes_ui=true
2026-09-10T10:38:45.392404Z  INFO herdr::logging: tab focused event="tab.focus" subsystem="tab" outcome="ok" workspace_id="w5" tab_id="w5:t2"
2026-09-10T10:38:45.392497Z  INFO herdr::logging: tab focused event="tab.focus" subsystem="tab" outcome="ok" workspace_id="w5" tab_id="w5:t2"
2026-09-10T10:38:45.392742Z  INFO herdr::logging: api request completed event="api.request.complete" subsystem="api" outcome="ok" request_id="herdr-nvim-nav" method="pane.focus_direction"
2026-09-10T10:38:45.744917Z  INFO herdr::logging: api request received event="api.request.start" subsystem="api" outcome="started" request_id="nvim.nav" method="pane.focus_direction" changes_ui=true
2026-09-10T10:38:45.745561Z  INFO herdr::logging: tab focused event="tab.focus" subsystem="tab" outcome="ok" workspace_id="w5" tab_id="w5:t2"
2026-09-10T10:38:45.745602Z  INFO herdr::logging: tab focused event="tab.focus" subsystem="tab" outcome="ok" workspace_id="w5" tab_id="w5:t2"
2026-09-10T10:38:45.745821Z  INFO herdr::logging: api request completed event="api.request.complete" subsystem="api" outcome="ok" request_id="nvim.nav" method="pane.focus_direction"
2026-09-10T10:38:46.036637Z  INFO herdr::logging: api request received event="api.request.start" subsystem="api" outcome="started" request_id="herdr-nvim-nav" method="pane.focus_direction" changes_ui=true
2026-09-10T10:38:46.041377Z  INFO herdr::logging: tab focused event="tab.focus" subsystem="tab" outcome="ok" workspace_id="w5" tab_id="w5:t2"
2026-09-10T10:38:46.041486Z  INFO herdr::logging: tab focused event="tab.focus" subsystem="tab" outcome="ok" workspace_id="w5" tab_id="w5:t2"
2026-09-10T10:38:46.041664Z  INFO herdr::logging: api request completed event="api.request.complete" subsystem="api" outcome="ok" request_id="herdr-nvim-nav" method="pane.focus_direction"
2026-09-10T10:38:46.242275Z  INFO herdr::logging: api request received event="api.request.start" subsystem="api" outcome="started" request_id="nvim.nav" method="pane.focus_direction" changes_ui=true
2026-09-10T10:38:46.242784Z  INFO herdr::logging: api request completed event="api.request.complete" subsystem="api" outcome="ok" request_id="nvim.nav" method="pane.focus_direction"
2026-09-10T10:38:46.573607Z  INFO herdr::logging: api request received event="api.request.start" subsystem="api" outcome="started" request_id="nvim.nav" method="pane.focus_direction" changes_ui=true
2026-09-10T10:38:46.574171Z  INFO herdr::logging: api request completed event="api.request.complete" subsystem="api" outcome="ok" request_id="nvim.nav" method="pane.focus_direction"
2026-09-10T10:38:46.724240Z  INFO herdr::logging: api request received event="api.request.start" subsystem="api" outcome="started" request_id="nvim.nav" method="pane.focus_direction" changes_ui=true
2026-09-10T10:38:46.724772Z  INFO herdr::logging: api request completed event="api.request.complete" subsystem="api" outcome="ok" request_id="nvim.nav" method="pane.focus_direction"
2026-09-10T10:38:46.748902Z  INFO herdr::logging: api request received event="api.request.start" subsystem="api" outcome="started" request_id="nvim.nav" method="pane.focus_direction" changes_ui=true
2026-09-10T10:38:46.749355Z  INFO herdr::logging: api request completed event="api.request.complete" subsystem="api" outcome="ok" request_id="nvim.nav" method="pane.focus_direction"
2026-09-10T10:38:51.045071Z  INFO herdr::logging: session saved event="persist.save" subsystem="persist" outcome="ok" path=/home/simon/.config/herdr/session.json workspaces=1
2026-09-10T10:39:34.625034Z  INFO herdr::logging: session saved event="persist.save" subsystem="persist" outcome="ok" path=/home/simon/.config/herdr/session.json workspaces=1
2026-09-10T10:40:34.713211Z  INFO herdr::logging: pane child exited event="pane.exit" subsystem="pane" outcome="completed" pane_id=3 status="ExitStatus { code: 1, signal: None }"
2026-09-10T10:40:34.721489Z  INFO herdr::pane: pane session terminated pane=3 pid=33020 signal=Hangup
2026-09-10T10:40:34.723391Z  WARN herdr::app::actions: PaneDied for unknown pane pane=3
2026-09-10T10:40:37.290927Z  INFO herdr::logging: pane child exited event="pane.exit" subsystem="pane" outcome="completed" pane_id=8 status="ExitStatus { code: 1, signal: None }"
2026-09-10T10:40:37.300923Z  INFO herdr::pane: pane session terminated pane=8 pid=36948 signal=Hangup
2026-09-10T10:40:37.303696Z  WARN herdr::app::actions: PaneDied for unknown pane pane=8
2026-09-10T10:40:39.799226Z  INFO herdr::logging: pane child exited event="pane.exit" subsystem="pane" outcome="completed" pane_id=6 status="ExitStatus { code: 1, signal: None }"
2026-09-10T10:40:39.808195Z  INFO herdr::pane: pane session terminated pane=6 pid=36432 signal=Hangup
2026-09-10T10:40:39.811041Z  WARN herdr::app::actions: PaneDied for unknown pane pane=6
2026-09-10T10:40:44.809945Z  INFO herdr::logging: session saved event="persist.save" subsystem="persist" outcome="ok" path=/home/simon/.config/herdr/session.json workspaces=1
2026-09-11T07:12:30.357428Z  INFO herdr::logging: tab focused event="tab.focus" subsystem="tab" outcome="ok" workspace_id="w5" tab_id="w5:t1"
2026-09-11T07:12:30.357589Z  INFO herdr::logging: tab focused event="tab.focus" subsystem="tab" outcome="ok" workspace_id="w5" tab_id="w5:t1"
2026-09-11T07:12:30.898725Z  INFO herdr::logging: tab focused event="tab.focus" subsystem="tab" outcome="ok" workspace_id="w5" tab_id="w5:t2"
2026-09-11T07:12:30.898899Z  INFO herdr::logging: tab focused event="tab.focus" subsystem="tab" outcome="ok" workspace_id="w5" tab_id="w5:t2"
2026-09-11T07:12:32.540872Z  INFO herdr::logging: api request received event="api.request.start" subsystem="api" outcome="started" request_id="herdr-nvim-nav" method="pane.focus_direction" changes_ui=true
2026-09-11T07:12:32.545324Z  INFO herdr::logging: api request completed event="api.request.complete" subsystem="api" outcome="ok" request_id="herdr-nvim-nav" method="pane.focus_direction"
2026-09-11T07:12:35.902604Z  INFO herdr::logging: session saved event="persist.save" subsystem="persist" outcome="ok" path=/home/simon/.config/herdr/session.json workspaces=1
2026-09-11T07:12:44.809466Z  INFO herdr::logging: api request received event="api.request.start" subsystem="api" outcome="started" request_id="herdr-nvim-nav" method="pane.focus_direction" changes_ui=true
2026-09-11T07:12:44.814146Z  INFO herdr::logging: api request completed event="api.request.complete" subsystem="api" outcome="ok" request_id="herdr-nvim-nav" method="pane.focus_direction"
2026-09-11T07:12:47.801917Z  INFO herdr::logging: tab focused event="tab.focus" subsystem="tab" outcome="ok" workspace_id="w5" tab_id="w5:t1"
2026-09-11T07:12:47.802105Z  INFO herdr::logging: tab focused event="tab.focus" subsystem="tab" outcome="ok" workspace_id="w5" tab_id="w5:t1"
2026-09-11T07:12:48.122767Z  INFO herdr::logging: tab focused event="tab.focus" subsystem="tab" outcome="ok" workspace_id="w5" tab_id="w5:t1"
2026-09-11T07:12:53.124993Z  INFO herdr::logging: session saved event="persist.save" subsystem="persist" outcome="ok" path=/home/simon/.config/herdr/session.json workspaces=1
2026-09-11T07:12:53.655081Z  INFO herdr::logging: workspace focused event="workspace.focus" subsystem="workspace" outcome="ok" workspace_id="w5"
2026-09-11T07:12:53.655191Z  INFO herdr::logging: tab focused event="tab.focus" subsystem="tab" outcome="ok" workspace_id="w5" tab_id="w5:t1"
2026-09-11T07:12:55.651549Z  INFO herdr::logging: spawning pane terminal event="pane.spawn.start" subsystem="pane" outcome="started" pane_id=9 rows=42 cols=162 scrollback_limit_bytes=10000000
2026-09-11T07:12:55.655032Z  INFO herdr::logging: pane child spawned event="pane.spawned" subsystem="pane" outcome="ok" pane_id=9 pid=50519
2026-09-11T07:12:55.655765Z  INFO herdr::logging: workspace created event="workspace.create" subsystem="workspace" outcome="ok" workspace_id="w6" pane_id=9
2026-09-11T07:12:55.655874Z  INFO herdr::logging: workspace focused event="workspace.focus" subsystem="workspace" outcome="ok" workspace_id="w6"
2026-09-11T07:12:55.655934Z  INFO herdr::logging: tab focused event="tab.focus" subsystem="tab" outcome="ok" workspace_id="w6" tab_id="w6:t1"
2026-09-11T07:13:00.664914Z  INFO herdr::logging: session saved event="persist.save" subsystem="persist" outcome="ok" path=/home/simon/.config/herdr/session.json workspaces=2
2026-09-11T07:13:05.466940Z  INFO herdr::logging: spawning pane terminal event="pane.spawn.start" subsystem="pane" outcome="started" pane_id=10 rows=42 cols=162 scrollback_limit_bytes=10000000
2026-09-11T07:13:05.469644Z  INFO herdr::logging: pane child spawned event="pane.spawned" subsystem="pane" outcome="ok" pane_id=10 pid=50683
2026-09-11T07:13:05.470561Z  INFO herdr::logging: tab focused event="tab.focus" subsystem="tab" outcome="ok" workspace_id="w6" tab_id="w6:t2"
2026-09-11T07:13:07.200548Z  INFO herdr::logging: tab focused event="tab.focus" subsystem="tab" outcome="ok" workspace_id="w6" tab_id="w6:t1"
2026-09-11T07:13:07.200743Z  INFO herdr::logging: tab focused event="tab.focus" subsystem="tab" outcome="ok" workspace_id="w6" tab_id="w6:t1"
2026-09-11T07:13:08.417668Z  INFO herdr::logging: tab focused event="tab.focus" subsystem="tab" outcome="ok" workspace_id="w6" tab_id="w6:t2"
2026-09-11T07:13:08.417844Z  INFO herdr::logging: tab focused event="tab.focus" subsystem="tab" outcome="ok" workspace_id="w6" tab_id="w6:t2"
2026-09-11T07:13:09.713856Z  INFO herdr::logging: tab focused event="tab.focus" subsystem="tab" outcome="ok" workspace_id="w6" tab_id="w6:t2"
2026-09-11T07:13:14.715990Z  INFO herdr::logging: session saved event="persist.save" subsystem="persist" outcome="ok" path=/home/simon/.config/herdr/session.json workspaces=2
2026-09-11T07:13:15.057400Z  INFO herdr::logging: pane child exited event="pane.exit" subsystem="pane" outcome="completed" pane_id=10 status="ExitStatus { code: 127, signal: None }"
2026-09-11T07:13:15.058168Z  INFO herdr::pane: pane session terminated pane=10 pid=50683 signal=Hangup
2026-09-11T07:13:20.060688Z  INFO herdr::logging: session saved event="persist.save" subsystem="persist" outcome="ok" path=/home/simon/.config/herdr/session.json workspaces=2
2026-09-11T07:15:31.286265Z  INFO herdr::logging: checking for updates event="update.check.start" subsystem="update" outcome="started"
2026-09-11T07:45:31.288005Z  INFO herdr::logging: checking for updates event="update.check.start" subsystem="update" outcome="started"
2026-09-13T14:27:14.415171Z  INFO herdr::logging: checking for updates event="update.check.start" subsystem="update" outcome="started"
2026-09-13T14:32:37.483578Z  INFO herdr::logging: workspace focused event="workspace.focus" subsystem="workspace" outcome="ok" workspace_id="w5"
2026-09-13T14:32:37.483703Z  INFO herdr::logging: tab focused event="tab.focus" subsystem="tab" outcome="ok" workspace_id="w5" tab_id="w5:t1"
2026-09-13T14:32:37.483871Z  INFO herdr::logging: workspace focused event="workspace.focus" subsystem="workspace" outcome="ok" workspace_id="w5"
2026-09-13T14:32:37.483993Z  INFO herdr::logging: tab focused event="tab.focus" subsystem="tab" outcome="ok" workspace_id="w5" tab_id="w5:t1"
2026-09-13T14:32:42.486790Z  INFO herdr::logging: session saved event="persist.save" subsystem="persist" outcome="ok" path=/home/simon/.config/herdr/session.json workspaces=2
2026-09-13T14:32:48.918618Z  INFO herdr::pane: agent changed pane=1 previous_agent=None agent=Some(OpenCode) process=opencode pgid=Some(67647)
2026-09-13T14:33:54.963666Z  INFO herdr::pane: agent changed pane=1 previous_agent=None agent=Some(OpenCode) process=opencode pgid=Some(67647)
2026-09-13T14:33:58.071903Z  INFO herdr::logging: session saved event="persist.save" subsystem="persist" outcome="ok" path=/home/simon/.config/herdr/session.json workspaces=2
2026-09-13T14:37:01.682948Z  INFO herdr::logging: workspace focused event="workspace.focus" subsystem="workspace" outcome="ok" workspace_id="w6"
2026-09-13T14:37:01.683002Z  INFO herdr::logging: tab focused event="tab.focus" subsystem="tab" outcome="ok" workspace_id="w6" tab_id="w6:t1"
2026-09-13T14:37:01.683057Z  INFO herdr::logging: workspace focused event="workspace.focus" subsystem="workspace" outcome="ok" workspace_id="w6"
2026-09-13T14:37:01.683065Z  INFO herdr::logging: tab focused event="tab.focus" subsystem="tab" outcome="ok" workspace_id="w6" tab_id="w6:t1"
2026-09-13T14:37:06.685754Z  INFO herdr::logging: session saved event="persist.save" subsystem="persist" outcome="ok" path=/home/simon/.config/herdr/session.json workspaces=2
2026-09-13T14:37:12.560679Z  INFO herdr::logging: workspace focused event="workspace.focus" subsystem="workspace" outcome="ok" workspace_id="w6"
2026-09-13T14:37:12.560730Z  INFO herdr::logging: tab focused event="tab.focus" subsystem="tab" outcome="ok" workspace_id="w6" tab_id="w6:t1"
2026-09-13T14:37:13.476939Z  INFO herdr::logging: workspace focused event="workspace.focus" subsystem="workspace" outcome="ok" workspace_id="w5"
2026-09-13T14:37:13.477138Z  INFO herdr::logging: tab focused event="tab.focus" subsystem="tab" outcome="ok" workspace_id="w5" tab_id="w5:t1"
2026-09-13T14:37:13.477214Z  INFO herdr::logging: workspace focused event="workspace.focus" subsystem="workspace" outcome="ok" workspace_id="w5"
2026-09-13T14:37:13.477224Z  INFO herdr::logging: tab focused event="tab.focus" subsystem="tab" outcome="ok" workspace_id="w5" tab_id="w5:t1"
2026-09-13T14:37:18.479803Z  INFO herdr::logging: session saved event="persist.save" subsystem="persist" outcome="ok" path=/home/simon/.config/herdr/session.json workspaces=2
2026-09-13T14:37:28.622685Z  INFO herdr::pane: agent changed pane=1 previous_agent=Some(OpenCode) agent=None pgid=Some(32167)
2026-09-13T14:37:33.325994Z  INFO herdr::logging: session saved event="persist.save" subsystem="persist" outcome="ok" path=/home/simon/.config/herdr/session.json workspaces=2
2026-09-13T14:37:34.155682Z  INFO herdr::pane: agent changed pane=1 previous_agent=None agent=Some(OpenCode) process=opencode pgid=Some(69277)
2026-09-13T14:37:45.970644Z  INFO herdr::logging: spawning pane terminal event="pane.spawn.start" subsystem="pane" outcome="started" pane_id=11 rows=48 cols=149 scrollback_limit_bytes=10000000
2026-09-13T14:37:45.975860Z  INFO herdr::logging: pane child spawned event="pane.spawned" subsystem="pane" outcome="ok" pane_id=11 pid=69522
2026-09-13T14:37:45.976102Z  INFO herdr::logging: tab renamed event="tab.rename" subsystem="tab" outcome="ok" workspace_id="w5" tab_id="w5:t3"
2026-09-13T14:37:45.976118Z  INFO herdr::logging: tab focused event="tab.focus" subsystem="tab" outcome="ok" workspace_id="w5" tab_id="w5:t3"
2026-09-13T14:37:47.834956Z  INFO herdr::logging: tab focused event="tab.focus" subsystem="tab" outcome="ok" workspace_id="w5" tab_id="w5:t2"
2026-09-13T14:37:47.835053Z  INFO herdr::logging: tab focused event="tab.focus" subsystem="tab" outcome="ok" workspace_id="w5" tab_id="w5:t2"
2026-09-13T14:37:52.836826Z  INFO herdr::logging: session saved event="persist.save" subsystem="persist" outcome="ok" path=/home/simon/.config/herdr/session.json workspaces=2
2026-09-13T14:37:54.154359Z  INFO herdr::logging: pane child exited event="pane.exit" subsystem="pane" outcome="completed" pane_id=7 status="ExitStatus { code: 130, signal: None }"
2026-09-13T14:37:54.156910Z  INFO herdr::pane: pane session terminated pane=7 pid=36560 signal=Hangup
2026-09-13T14:37:56.383798Z  INFO herdr::logging: tab focused event="tab.focus" subsystem="tab" outcome="ok" workspace_id="w5" tab_id="w5:t3"
2026-09-13T14:37:56.383982Z  INFO herdr::logging: tab focused event="tab.focus" subsystem="tab" outcome="ok" workspace_id="w5" tab_id="w5:t3"
2026-09-13T14:37:58.588277Z  INFO herdr::pane: agent changed pane=11 previous_agent=None agent=Some(OpenCode) process=opencode pgid=Some(69821)
2026-09-13T14:38:01.386468Z  INFO herdr::logging: session saved event="persist.save" subsystem="persist" outcome="ok" path=/home/simon/.config/herdr/session.json workspaces=2
2026-09-13T14:38:02.629359Z  INFO herdr::logging: tab focused event="tab.focus" subsystem="tab" outcome="ok" workspace_id="w5" tab_id="w5:t1"
2026-09-13T14:38:02.629477Z  INFO herdr::logging: tab focused event="tab.focus" subsystem="tab" outcome="ok" workspace_id="w5" tab_id="w5:t1"
2026-09-13T14:38:03.507038Z  INFO herdr::logging: tab focused event="tab.focus" subsystem="tab" outcome="ok" workspace_id="w5" tab_id="w5:t3"
2026-09-13T14:38:03.507135Z  INFO herdr::logging: tab focused event="tab.focus" subsystem="tab" outcome="ok" workspace_id="w5" tab_id="w5:t3"
2026-09-13T14:38:08.510177Z  INFO herdr::logging: session saved event="persist.save" subsystem="persist" outcome="ok" path=/home/simon/.config/herdr/session.json workspaces=2
2026-09-13T14:38:56.375835Z  INFO herdr::logging: tab focused event="tab.focus" subsystem="tab" outcome="ok" workspace_id="w5" tab_id="w5:t1"
2026-09-13T14:38:57.158715Z  INFO herdr::pane: agent changed pane=11 previous_agent=None agent=Some(OpenCode) process=opencode pgid=Some(69821)
2026-09-13T14:38:58.009563Z  INFO herdr::logging: tab focused event="tab.focus" subsystem="tab" outcome="ok" workspace_id="w5" tab_id="w5:t3"
2026-09-13T14:38:58.756598Z  INFO herdr::logging: tab focused event="tab.focus" subsystem="tab" outcome="ok" workspace_id="w5" tab_id="w5:t1"
2026-09-13T14:38:59.531481Z  INFO herdr::logging: workspace focused event="workspace.focus" subsystem="workspace" outcome="ok" workspace_id="w6"
2026-09-13T14:38:59.531554Z  INFO herdr::logging: tab focused event="tab.focus" subsystem="tab" outcome="ok" workspace_id="w6" tab_id="w6:t1"
2026-09-13T14:38:59.531615Z  INFO herdr::logging: workspace focused event="workspace.focus" subsystem="workspace" outcome="ok" workspace_id="w6"
2026-09-13T14:38:59.531626Z  INFO herdr::logging: tab focused event="tab.focus" subsystem="tab" outcome="ok" workspace_id="w6" tab_id="w6:t1"
2026-09-13T14:39:04.534531Z  INFO herdr::logging: session saved event="persist.save" subsystem="persist" outcome="ok" path=/home/simon/.config/herdr/session.json workspaces=2
2026-09-13T14:39:10.357005Z  INFO herdr::pane: agent changed pane=9 previous_agent=None agent=Some(OpenCode) process=opencode pgid=Some(71023)
2026-09-13T14:40:03.179219Z  INFO herdr::logging: tab renamed event="tab.rename" subsystem="tab" outcome="ok" workspace_id="w6" tab_id="w6:t1"
2026-09-13T14:40:08.181683Z  INFO herdr::logging: session saved event="persist.save" subsystem="persist" outcome="ok" path=/home/simon/.config/herdr/session.json workspaces=2
2026-09-13T14:40:15.724144Z  INFO herdr::logging: session saved event="persist.save" subsystem="persist" outcome="ok" path=/home/simon/.config/herdr/session.json workspaces=2
2026-09-13T14:40:22.036608Z  INFO herdr::logging: workspace focused event="workspace.focus" subsystem="workspace" outcome="ok" workspace_id="w5"
2026-09-13T14:40:22.036678Z  INFO herdr::logging: tab focused event="tab.focus" subsystem="tab" outcome="ok" workspace_id="w5" tab_id="w5:t3"
2026-09-13T14:40:23.850281Z  INFO herdr::logging: tab focused event="tab.focus" subsystem="tab" outcome="ok" workspace_id="w5" tab_id="w5:t1"
2026-09-13T14:40:25.004195Z  INFO herdr::logging: workspace focused event="workspace.focus" subsystem="workspace" outcome="ok" workspace_id="w6"
2026-09-13T14:40:25.004755Z  INFO herdr::logging: tab focused event="tab.focus" subsystem="tab" outcome="ok" workspace_id="w6" tab_id="w6:t1"
2026-09-13T14:40:26.649373Z  INFO herdr::logging: workspace focused event="workspace.focus" subsystem="workspace" outcome="ok" workspace_id="w5"
2026-09-13T14:40:26.649447Z  INFO herdr::logging: tab focused event="tab.focus" subsystem="tab" outcome="ok" workspace_id="w5" tab_id="w5:t1"
2026-09-13T14:40:26.649505Z  INFO herdr::logging: workspace focused event="workspace.focus" subsystem="workspace" outcome="ok" workspace_id="w5"
2026-09-13T14:40:26.649516Z  INFO herdr::logging: tab focused event="tab.focus" subsystem="tab" outcome="ok" workspace_id="w5" tab_id="w5:t1"
2026-09-13T14:40:27.306433Z  INFO herdr::logging: tab focused event="tab.focus" subsystem="tab" outcome="ok" workspace_id="w5" tab_id="w5:t3"
2026-09-13T14:40:27.306574Z  INFO herdr::logging: tab focused event="tab.focus" subsystem="tab" outcome="ok" workspace_id="w5" tab_id="w5:t3"
2026-09-13T14:40:28.153027Z  INFO herdr::logging: tab focused event="tab.focus" subsystem="tab" outcome="ok" workspace_id="w5" tab_id="w5:t1"
2026-09-13T14:40:28.153160Z  INFO herdr::logging: tab focused event="tab.focus" subsystem="tab" outcome="ok" workspace_id="w5" tab_id="w5:t1"
2026-09-13T14:40:29.559736Z  INFO herdr::logging: tab focused event="tab.focus" subsystem="tab" outcome="ok" workspace_id="w5" tab_id="w5:t3"
2026-09-13T14:40:29.559847Z  INFO herdr::logging: tab focused event="tab.focus" subsystem="tab" outcome="ok" workspace_id="w5" tab_id="w5:t3"
2026-09-13T14:40:30.174720Z  INFO herdr::logging: workspace focused event="workspace.focus" subsystem="workspace" outcome="ok" workspace_id="w5"
2026-09-13T14:40:30.174780Z  INFO herdr::logging: tab focused event="tab.focus" subsystem="tab" outcome="ok" workspace_id="w5" tab_id="w5:t3"
2026-09-13T14:40:30.604056Z  INFO herdr::logging: workspace focused event="workspace.focus" subsystem="workspace" outcome="ok" workspace_id="w6"
2026-09-13T14:40:30.604115Z  INFO herdr::logging: tab focused event="tab.focus" subsystem="tab" outcome="ok" workspace_id="w6" tab_id="w6:t1"
2026-09-13T14:40:30.604169Z  INFO herdr::logging: workspace focused event="workspace.focus" subsystem="workspace" outcome="ok" workspace_id="w6"
2026-09-13T14:40:30.604178Z  INFO herdr::logging: tab focused event="tab.focus" subsystem="tab" outcome="ok" workspace_id="w6" tab_id="w6:t1"
2026-09-13T14:40:31.515129Z  INFO herdr::logging: workspace focused event="workspace.focus" subsystem="workspace" outcome="ok" workspace_id="w5"
2026-09-13T14:40:31.515182Z  INFO herdr::logging: tab focused event="tab.focus" subsystem="tab" outcome="ok" workspace_id="w5" tab_id="w5:t3"
2026-09-13T14:40:31.515235Z  INFO herdr::logging: workspace focused event="workspace.focus" subsystem="workspace" outcome="ok" workspace_id="w5"
2026-09-13T14:40:31.515243Z  INFO herdr::logging: tab focused event="tab.focus" subsystem="tab" outcome="ok" workspace_id="w5" tab_id="w5:t3"
2026-09-13T14:40:32.477598Z  INFO herdr::logging: tab focused event="tab.focus" subsystem="tab" outcome="ok" workspace_id="w5" tab_id="w5:t1"
2026-09-13T14:40:32.477695Z  INFO herdr::logging: tab focused event="tab.focus" subsystem="tab" outcome="ok" workspace_id="w5" tab_id="w5:t1"
2026-09-13T14:40:37.482633Z  INFO herdr::logging: session saved event="persist.save" subsystem="persist" outcome="ok" path=/home/simon/.config/herdr/session.json workspaces=2
2026-09-13T14:40:38.318346Z  INFO herdr::pane: agent changed pane=1 previous_agent=Some(OpenCode) agent=None pgid=Some(32167)
2026-09-13T14:40:44.126164Z  INFO herdr::logging: workspace focused event="workspace.focus" subsystem="workspace" outcome="ok" workspace_id="w6"
2026-09-13T14:40:44.126263Z  INFO herdr::logging: tab focused event="tab.focus" subsystem="tab" outcome="ok" workspace_id="w6" tab_id="w6:t1"
2026-09-13T14:40:44.126342Z  INFO herdr::logging: workspace focused event="workspace.focus" subsystem="workspace" outcome="ok" workspace_id="w6"
2026-09-13T14:40:44.126367Z  INFO herdr::logging: tab focused event="tab.focus" subsystem="tab" outcome="ok" workspace_id="w6" tab_id="w6:t1"
2026-09-13T14:40:46.644526Z  INFO herdr::logging: workspace focused event="workspace.focus" subsystem="workspace" outcome="ok" workspace_id="w5"
2026-09-13T14:40:46.644576Z  INFO herdr::logging: tab focused event="tab.focus" subsystem="tab" outcome="ok" workspace_id="w5" tab_id="w5:t3"
2026-09-13T14:40:51.648106Z  INFO herdr::logging: session saved event="persist.save" subsystem="persist" outcome="ok" path=/home/simon/.config/herdr/session.json workspaces=2
2026-09-13T14:40:54.019263Z  INFO herdr::logging: workspace focused event="workspace.focus" subsystem="workspace" outcome="ok" workspace_id="w6"
2026-09-13T14:40:54.019330Z  INFO herdr::logging: tab focused event="tab.focus" subsystem="tab" outcome="ok" workspace_id="w6" tab_id="w6:t1"
2026-09-13T14:40:59.023773Z  INFO herdr::logging: session saved event="persist.save" subsystem="persist" outcome="ok" path=/home/simon/.config/herdr/session.json workspaces=2
2026-09-13T14:41:04.350402Z  INFO herdr::logging: spawning pane terminal event="pane.spawn.start" subsystem="pane" outcome="started" pane_id=12 rows=48 cols=149 scrollback_limit_bytes=10000000
2026-09-13T14:41:04.352456Z  INFO herdr::logging: pane child spawned event="pane.spawned" subsystem="pane" outcome="ok" pane_id=12 pid=71769
2026-09-13T14:41:04.352666Z  INFO herdr::logging: tab renamed event="tab.rename" subsystem="tab" outcome="ok" workspace_id="w6" tab_id="w6:t3"
2026-09-13T14:41:04.352687Z  INFO herdr::logging: tab focused event="tab.focus" subsystem="tab" outcome="ok" workspace_id="w6" tab_id="w6:t3"
2026-09-13T14:41:09.359250Z  INFO herdr::logging: session saved event="persist.save" subsystem="persist" outcome="ok" path=/home/simon/.config/herdr/session.json workspaces=2
2026-09-13T14:41:09.726790Z  INFO herdr::logging: pane child exited event="pane.exit" subsystem="pane" outcome="completed" pane_id=12 status="ExitStatus { code: 1, signal: None }"
2026-09-13T14:41:09.735438Z  INFO herdr::pane: pane session terminated pane=12 pid=71769 signal=Hangup
2026-09-13T14:41:09.736178Z  WARN herdr::app::actions: PaneDied for unknown pane pane=12
2026-09-13T14:41:14.737547Z  INFO herdr::logging: session saved event="persist.save" subsystem="persist" outcome="ok" path=/home/simon/.config/herdr/session.json workspaces=2
2026-09-13T14:41:21.990650Z  INFO herdr::logging: spawning pane terminal event="pane.spawn.start" subsystem="pane" outcome="started" pane_id=13 rows=48 cols=149 scrollback_limit_bytes=10000000
2026-09-13T14:41:21.993144Z  INFO herdr::logging: pane child spawned event="pane.spawned" subsystem="pane" outcome="ok" pane_id=13 pid=71959
2026-09-13T14:41:21.993718Z  INFO herdr::logging: workspace created event="workspace.create" subsystem="workspace" outcome="ok" workspace_id="w7" pane_id=13
2026-09-13T14:41:21.993759Z  INFO herdr::logging: workspace focused event="workspace.focus" subsystem="workspace" outcome="ok" workspace_id="w7"
2026-09-13T14:41:21.993773Z  INFO herdr::logging: tab focused event="tab.focus" subsystem="tab" outcome="ok" workspace_id="w7" tab_id="w7:t1"
2026-09-13T14:41:27.001208Z  INFO herdr::logging: session saved event="persist.save" subsystem="persist" outcome="ok" path=/home/simon/.config/herdr/session.json workspaces=3
2026-09-13T14:41:43.994342Z  INFO herdr::logging: workspace focused event="workspace.focus" subsystem="workspace" outcome="ok" workspace_id="w5"
2026-09-13T14:41:43.994390Z  INFO herdr::logging: tab focused event="tab.focus" subsystem="tab" outcome="ok" workspace_id="w5" tab_id="w5:t3"
2026-09-13T14:41:48.997747Z  INFO herdr::logging: session saved event="persist.save" subsystem="persist" outcome="ok" path=/home/simon/.config/herdr/session.json workspaces=3
2026-09-13T14:42:29.207857Z  INFO herdr::logging: spawning pane terminal event="pane.spawn.start" subsystem="pane" outcome="started" pane_id=14 rows=48 cols=149 scrollback_limit_bytes=10000000
2026-09-13T14:42:29.211448Z  INFO herdr::logging: pane child spawned event="pane.spawned" subsystem="pane" outcome="ok" pane_id=14 pid=72361
2026-09-13T14:42:29.212024Z  INFO herdr::logging: tab focused event="tab.focus" subsystem="tab" outcome="ok" workspace_id="w5" tab_id="w5:t3"
2026-09-13T14:42:34.220744Z  INFO herdr::logging: session saved event="persist.save" subsystem="persist" outcome="ok" path=/home/simon/.config/herdr/session.json workspaces=3
2026-09-13T14:43:02.972711Z  INFO herdr::logging: spawning pane terminal event="pane.spawn.start" subsystem="pane" outcome="started" pane_id=15 rows=24 cols=149 scrollback_limit_bytes=10000000
2026-09-13T14:43:02.975481Z  INFO herdr::logging: pane child spawned event="pane.spawned" subsystem="pane" outcome="ok" pane_id=15 pid=72781
2026-09-13T14:43:02.975741Z  INFO herdr::logging: tab focused event="tab.focus" subsystem="tab" outcome="ok" workspace_id="w5" tab_id="w5:t3"
2026-09-13T14:43:03.952241Z  INFO herdr::logging: api request received event="api.request.start" subsystem="api" outcome="started" request_id="herdr-nvim-nav" method="pane.focus_direction" changes_ui=true
2026-09-13T14:43:03.957793Z  INFO herdr::logging: tab focused event="tab.focus" subsystem="tab" outcome="ok" workspace_id="w5" tab_id="w5:t3"
2026-09-13T14:43:03.957849Z  INFO herdr::logging: tab focused event="tab.focus" subsystem="tab" outcome="ok" workspace_id="w5" tab_id="w5:t3"
2026-09-13T14:43:03.958085Z  INFO herdr::logging: api request completed event="api.request.complete" subsystem="api" outcome="ok" request_id="herdr-nvim-nav" method="pane.focus_direction"
2026-09-13T14:43:04.325849Z  INFO herdr::logging: api request received event="api.request.start" subsystem="api" outcome="started" request_id="nvim.nav" method="pane.focus_direction" changes_ui=true
2026-09-13T14:43:04.325983Z  INFO herdr::logging: tab focused event="tab.focus" subsystem="tab" outcome="ok" workspace_id="w5" tab_id="w5:t3"
2026-09-13T14:43:04.326019Z  INFO herdr::logging: tab focused event="tab.focus" subsystem="tab" outcome="ok" workspace_id="w5" tab_id="w5:t3"
2026-09-13T14:43:04.326247Z  INFO herdr::logging: api request completed event="api.request.complete" subsystem="api" outcome="ok" request_id="nvim.nav" method="pane.focus_direction"
2026-09-13T14:43:04.658547Z  INFO herdr::logging: api request received event="api.request.start" subsystem="api" outcome="started" request_id="herdr-nvim-nav" method="pane.focus_direction" changes_ui=true
2026-09-13T14:43:04.664432Z  INFO herdr::logging: tab focused event="tab.focus" subsystem="tab" outcome="ok" workspace_id="w5" tab_id="w5:t3"
2026-09-13T14:43:04.664477Z  INFO herdr::logging: tab focused event="tab.focus" subsystem="tab" outcome="ok" workspace_id="w5" tab_id="w5:t3"
2026-09-13T14:43:04.664705Z  INFO herdr::logging: api request completed event="api.request.complete" subsystem="api" outcome="ok" request_id="herdr-nvim-nav" method="pane.focus_direction"
2026-09-13T14:43:04.964676Z  INFO herdr::logging: api request received event="api.request.start" subsystem="api" outcome="started" request_id="nvim.nav" method="pane.focus_direction" changes_ui=true
2026-09-13T14:43:04.964812Z  INFO herdr::logging: tab focused event="tab.focus" subsystem="tab" outcome="ok" workspace_id="w5" tab_id="w5:t3"
2026-09-13T14:43:04.964864Z  INFO herdr::logging: tab focused event="tab.focus" subsystem="tab" outcome="ok" workspace_id="w5" tab_id="w5:t3"
2026-09-13T14:43:04.965056Z  INFO herdr::logging: api request completed event="api.request.complete" subsystem="api" outcome="ok" request_id="nvim.nav" method="pane.focus_direction"
2026-09-13T14:43:05.276449Z  INFO herdr::logging: api request received event="api.request.start" subsystem="api" outcome="started" request_id="herdr-nvim-nav" method="pane.focus_direction" changes_ui=true
2026-09-13T14:43:05.286536Z  INFO herdr::logging: tab focused event="tab.focus" subsystem="tab" outcome="ok" workspace_id="w5" tab_id="w5:t3"
2026-09-13T14:43:05.286590Z  INFO herdr::logging: tab focused event="tab.focus" subsystem="tab" outcome="ok" workspace_id="w5" tab_id="w5:t3"
2026-09-13T14:43:05.286851Z  INFO herdr::logging: api request completed event="api.request.complete" subsystem="api" outcome="ok" request_id="herdr-nvim-nav" method="pane.focus_direction"
2026-09-13T14:43:05.626067Z  INFO herdr::logging: api request received event="api.request.start" subsystem="api" outcome="started" request_id="nvim.nav" method="pane.focus_direction" changes_ui=true
2026-09-13T14:43:05.626290Z  INFO herdr::logging: tab focused event="tab.focus" subsystem="tab" outcome="ok" workspace_id="w5" tab_id="w5:t3"
2026-09-13T14:43:05.626323Z  INFO herdr::logging: tab focused event="tab.focus" subsystem="tab" outcome="ok" workspace_id="w5" tab_id="w5:t3"
2026-09-13T14:43:05.626544Z  INFO herdr::logging: api request completed event="api.request.complete" subsystem="api" outcome="ok" request_id="nvim.nav" method="pane.focus_direction"
2026-09-13T14:43:05.988811Z  INFO herdr::logging: api request received event="api.request.start" subsystem="api" outcome="started" request_id="herdr-nvim-nav" method="pane.focus_direction" changes_ui=true
2026-09-13T14:43:06.006452Z  INFO herdr::logging: tab focused event="tab.focus" subsystem="tab" outcome="ok" workspace_id="w5" tab_id="w5:t3"
2026-09-13T14:43:06.006559Z  INFO herdr::logging: tab focused event="tab.focus" subsystem="tab" outcome="ok" workspace_id="w5" tab_id="w5:t3"
2026-09-13T14:43:06.007024Z  INFO herdr::logging: api request completed event="api.request.complete" subsystem="api" outcome="ok" request_id="herdr-nvim-nav" method="pane.focus_direction"
2026-09-13T14:43:06.255158Z  INFO herdr::logging: api request received event="api.request.start" subsystem="api" outcome="started" request_id="nvim.nav" method="pane.focus_direction" changes_ui=true
2026-09-13T14:43:06.256125Z  INFO herdr::logging: tab focused event="tab.focus" subsystem="tab" outcome="ok" workspace_id="w5" tab_id="w5:t3"
2026-09-13T14:43:06.256291Z  INFO herdr::logging: tab focused event="tab.focus" subsystem="tab" outcome="ok" workspace_id="w5" tab_id="w5:t3"
2026-09-13T14:43:06.257499Z  INFO herdr::logging: api request completed event="api.request.complete" subsystem="api" outcome="ok" request_id="nvim.nav" method="pane.focus_direction"
2026-09-13T14:43:06.364542Z  INFO herdr::logging: api request received event="api.request.start" subsystem="api" outcome="started" request_id="herdr-nvim-nav" method="pane.focus_direction" changes_ui=true
2026-09-13T14:43:06.369862Z  INFO herdr::logging: tab focused event="tab.focus" subsystem="tab" outcome="ok" workspace_id="w5" tab_id="w5:t3"
2026-09-13T14:43:06.369914Z  INFO herdr::logging: tab focused event="tab.focus" subsystem="tab" outcome="ok" workspace_id="w5" tab_id="w5:t3"
2026-09-13T14:43:06.370108Z  INFO herdr::logging: api request completed event="api.request.complete" subsystem="api" outcome="ok" request_id="herdr-nvim-nav" method="pane.focus_direction"
2026-09-13T14:43:06.502196Z  INFO herdr::logging: api request received event="api.request.start" subsystem="api" outcome="started" request_id="nvim.nav" method="pane.focus_direction" changes_ui=true
2026-09-13T14:43:06.502381Z  INFO herdr::logging: tab focused event="tab.focus" subsystem="tab" outcome="ok" workspace_id="w5" tab_id="w5:t3"
2026-09-13T14:43:06.502438Z  INFO herdr::logging: tab focused event="tab.focus" subsystem="tab" outcome="ok" workspace_id="w5" tab_id="w5:t3"
2026-09-13T14:43:06.502606Z  INFO herdr::logging: api request completed event="api.request.complete" subsystem="api" outcome="ok" request_id="nvim.nav" method="pane.focus_direction"
2026-09-13T14:43:06.612525Z  INFO herdr::logging: api request received event="api.request.start" subsystem="api" outcome="started" request_id="herdr-nvim-nav" method="pane.focus_direction" changes_ui=true
2026-09-13T14:43:06.619987Z  INFO herdr::logging: tab focused event="tab.focus" subsystem="tab" outcome="ok" workspace_id="w5" tab_id="w5:t3"
2026-09-13T14:43:06.620034Z  INFO herdr::logging: tab focused event="tab.focus" subsystem="tab" outcome="ok" workspace_id="w5" tab_id="w5:t3"
2026-09-13T14:43:06.620721Z  INFO herdr::logging: api request completed event="api.request.complete" subsystem="api" outcome="ok" request_id="herdr-nvim-nav" method="pane.focus_direction"
2026-09-13T14:43:06.734198Z  INFO herdr::logging: api request received event="api.request.start" subsystem="api" outcome="started" request_id="nvim.nav" method="pane.focus_direction" changes_ui=true
2026-09-13T14:43:06.734420Z  INFO herdr::logging: tab focused event="tab.focus" subsystem="tab" outcome="ok" workspace_id="w5" tab_id="w5:t3"
2026-09-13T14:43:06.734495Z  INFO herdr::logging: tab focused event="tab.focus" subsystem="tab" outcome="ok" workspace_id="w5" tab_id="w5:t3"
2026-09-13T14:43:06.734702Z  INFO herdr::logging: api request completed event="api.request.complete" subsystem="api" outcome="ok" request_id="nvim.nav" method="pane.focus_direction"
2026-09-13T14:43:06.829476Z  INFO herdr::logging: api request received event="api.request.start" subsystem="api" outcome="started" request_id="herdr-nvim-nav" method="pane.focus_direction" changes_ui=true
2026-09-13T14:43:06.835605Z  INFO herdr::logging: tab focused event="tab.focus" subsystem="tab" outcome="ok" workspace_id="w5" tab_id="w5:t3"
2026-09-13T14:43:06.835648Z  INFO herdr::logging: tab focused event="tab.focus" subsystem="tab" outcome="ok" workspace_id="w5" tab_id="w5:t3"
2026-09-13T14:43:06.835809Z  INFO herdr::logging: api request completed event="api.request.complete" subsystem="api" outcome="ok" request_id="herdr-nvim-nav" method="pane.focus_direction"
2026-09-13T14:43:06.966240Z  INFO herdr::logging: api request received event="api.request.start" subsystem="api" outcome="started" request_id="nvim.nav" method="pane.focus_direction" changes_ui=true
2026-09-13T14:43:06.966366Z  INFO herdr::logging: tab focused event="tab.focus" subsystem="tab" outcome="ok" workspace_id="w5" tab_id="w5:t3"
2026-09-13T14:43:06.966409Z  INFO herdr::logging: tab focused event="tab.focus" subsystem="tab" outcome="ok" workspace_id="w5" tab_id="w5:t3"
2026-09-13T14:43:06.966538Z  INFO herdr::logging: api request completed event="api.request.complete" subsystem="api" outcome="ok" request_id="nvim.nav" method="pane.focus_direction"
2026-09-13T14:43:07.064068Z  INFO herdr::logging: api request received event="api.request.start" subsystem="api" outcome="started" request_id="herdr-nvim-nav" method="pane.focus_direction" changes_ui=true
2026-09-13T14:43:07.069129Z  INFO herdr::logging: tab focused event="tab.focus" subsystem="tab" outcome="ok" workspace_id="w5" tab_id="w5:t3"
2026-09-13T14:43:07.069192Z  INFO herdr::logging: tab focused event="tab.focus" subsystem="tab" outcome="ok" workspace_id="w5" tab_id="w5:t3"
2026-09-13T14:43:07.069533Z  INFO herdr::logging: api request completed event="api.request.complete" subsystem="api" outcome="ok" request_id="herdr-nvim-nav" method="pane.focus_direction"
2026-09-13T14:43:07.168660Z  INFO herdr::logging: api request received event="api.request.start" subsystem="api" outcome="started" request_id="nvim.nav" method="pane.focus_direction" changes_ui=true
2026-09-13T14:43:07.168776Z  INFO herdr::logging: tab focused event="tab.focus" subsystem="tab" outcome="ok" workspace_id="w5" tab_id="w5:t3"
2026-09-13T14:43:07.168800Z  INFO herdr::logging: tab focused event="tab.focus" subsystem="tab" outcome="ok" workspace_id="w5" tab_id="w5:t3"
2026-09-13T14:43:07.168926Z  INFO herdr::logging: api request completed event="api.request.complete" subsystem="api" outcome="ok" request_id="nvim.nav" method="pane.focus_direction"
2026-09-13T14:43:07.290526Z  INFO herdr::logging: api request received event="api.request.start" subsystem="api" outcome="started" request_id="herdr-nvim-nav" method="pane.focus_direction" changes_ui=true
2026-09-13T14:43:07.299491Z  INFO herdr::logging: tab focused event="tab.focus" subsystem="tab" outcome="ok" workspace_id="w5" tab_id="w5:t3"
2026-09-13T14:43:07.299563Z  INFO herdr::logging: tab focused event="tab.focus" subsystem="tab" outcome="ok" workspace_id="w5" tab_id="w5:t3"
2026-09-13T14:43:07.300375Z  INFO herdr::logging: api request completed event="api.request.complete" subsystem="api" outcome="ok" request_id="herdr-nvim-nav" method="pane.focus_direction"
2026-09-13T14:43:07.394068Z  INFO herdr::logging: api request received event="api.request.start" subsystem="api" outcome="started" request_id="nvim.nav" method="pane.focus_direction" changes_ui=true
2026-09-13T14:43:07.394205Z  INFO herdr::logging: tab focused event="tab.focus" subsystem="tab" outcome="ok" workspace_id="w5" tab_id="w5:t3"
2026-09-13T14:43:07.394264Z  INFO herdr::logging: tab focused event="tab.focus" subsystem="tab" outcome="ok" workspace_id="w5" tab_id="w5:t3"
2026-09-13T14:43:07.394485Z  INFO herdr::logging: api request completed event="api.request.complete" subsystem="api" outcome="ok" request_id="nvim.nav" method="pane.focus_direction"
2026-09-13T14:43:07.513163Z  INFO herdr::logging: api request received event="api.request.start" subsystem="api" outcome="started" request_id="herdr-nvim-nav" method="pane.focus_direction" changes_ui=true
2026-09-13T14:43:07.517324Z  INFO herdr::logging: tab focused event="tab.focus" subsystem="tab" outcome="ok" workspace_id="w5" tab_id="w5:t3"
2026-09-13T14:43:07.517381Z  INFO herdr::logging: tab focused event="tab.focus" subsystem="tab" outcome="ok" workspace_id="w5" tab_id="w5:t3"
2026-09-13T14:43:07.517631Z  INFO herdr::logging: api request completed event="api.request.complete" subsystem="api" outcome="ok" request_id="herdr-nvim-nav" method="pane.focus_direction"
2026-09-13T14:43:07.625075Z  INFO herdr::logging: api request received event="api.request.start" subsystem="api" outcome="started" request_id="nvim.nav" method="pane.focus_direction" changes_ui=true
2026-09-13T14:43:07.625213Z  INFO herdr::logging: tab focused event="tab.focus" subsystem="tab" outcome="ok" workspace_id="w5" tab_id="w5:t3"
2026-09-13T14:43:07.625243Z  INFO herdr::logging: tab focused event="tab.focus" subsystem="tab" outcome="ok" workspace_id="w5" tab_id="w5:t3"
2026-09-13T14:43:07.625396Z  INFO herdr::logging: api request completed event="api.request.complete" subsystem="api" outcome="ok" request_id="nvim.nav" method="pane.focus_direction"
2026-09-13T14:43:07.737950Z  INFO herdr::logging: api request received event="api.request.start" subsystem="api" outcome="started" request_id="herdr-nvim-nav" method="pane.focus_direction" changes_ui=true
2026-09-13T14:43:07.743465Z  INFO herdr::logging: tab focused event="tab.focus" subsystem="tab" outcome="ok" workspace_id="w5" tab_id="w5:t3"
2026-09-13T14:43:07.743509Z  INFO herdr::logging: tab focused event="tab.focus" subsystem="tab" outcome="ok" workspace_id="w5" tab_id="w5:t3"
2026-09-13T14:43:07.743688Z  INFO herdr::logging: api request completed event="api.request.complete" subsystem="api" outcome="ok" request_id="herdr-nvim-nav" method="pane.focus_direction"
2026-09-13T14:43:07.863289Z  INFO herdr::logging: api request received event="api.request.start" subsystem="api" outcome="started" request_id="nvim.nav" method="pane.focus_direction" changes_ui=true
2026-09-13T14:43:07.863536Z  INFO herdr::logging: tab focused event="tab.focus" subsystem="tab" outcome="ok" workspace_id="w5" tab_id="w5:t3"
2026-09-13T14:43:07.863602Z  INFO herdr::logging: tab focused event="tab.focus" subsystem="tab" outcome="ok" workspace_id="w5" tab_id="w5:t3"
2026-09-13T14:43:07.863815Z  INFO herdr::logging: api request completed event="api.request.complete" subsystem="api" outcome="ok" request_id="nvim.nav" method="pane.focus_direction"
2026-09-13T14:43:12.867149Z  INFO herdr::logging: session saved event="persist.save" subsystem="persist" outcome="ok" path=/home/simon/.config/herdr/session.json workspaces=3
2026-09-13T14:43:19.907830Z  INFO herdr::logging: tab focused event="tab.focus" subsystem="tab" outcome="ok" workspace_id="w5" tab_id="w5:t3"
2026-09-13T14:43:24.912424Z  INFO herdr::logging: session saved event="persist.save" subsystem="persist" outcome="ok" path=/home/simon/.config/herdr/session.json workspaces=3
2026-09-13T14:43:39.286935Z  INFO herdr::logging: api request received event="api.request.start" subsystem="api" outcome="started" request_id="nvim.nav" method="pane.focus_direction" changes_ui=true
2026-09-13T14:43:39.296123Z  INFO herdr::logging: tab focused event="tab.focus" subsystem="tab" outcome="ok" workspace_id="w5" tab_id="w5:t3"
2026-09-13T14:43:39.296174Z  INFO herdr::logging: tab focused event="tab.focus" subsystem="tab" outcome="ok" workspace_id="w5" tab_id="w5:t3"
2026-09-13T14:43:39.296463Z  INFO herdr::logging: api request completed event="api.request.complete" subsystem="api" outcome="ok" request_id="nvim.nav" method="pane.focus_direction"
2026-09-13T14:43:43.297531Z  INFO herdr::logging: api request received event="api.request.start" subsystem="api" outcome="started" request_id="cli:server:reload-config" method="server.reload_config" changes_ui=true
2026-09-13T14:43:43.298954Z  INFO herdr::logging: api request completed event="api.request.complete" subsystem="api" outcome="ok" request_id="cli:server:reload-config" method="server.reload_config"
2026-09-13T14:43:44.300514Z  INFO herdr::logging: session saved event="persist.save" subsystem="persist" outcome="ok" path=/home/simon/.config/herdr/session.json workspaces=3
2026-09-13T14:43:50.157485Z  INFO herdr::logging: tab focused event="tab.focus" subsystem="tab" outcome="ok" workspace_id="w5" tab_id="w5:t3"
2026-09-13T14:43:55.160422Z  INFO herdr::logging: session saved event="persist.save" subsystem="persist" outcome="ok" path=/home/simon/.config/herdr/session.json workspaces=3
2026-09-13T14:43:58.651729Z  INFO herdr::logging: api request received event="api.request.start" subsystem="api" outcome="started" request_id="nvim.nav" method="pane.focus_direction" changes_ui=true
2026-09-13T14:43:58.664383Z  INFO herdr::logging: tab focused event="tab.focus" subsystem="tab" outcome="ok" workspace_id="w5" tab_id="w5:t3"
2026-09-13T14:43:58.664458Z  INFO herdr::logging: tab focused event="tab.focus" subsystem="tab" outcome="ok" workspace_id="w5" tab_id="w5:t3"
2026-09-13T14:43:58.665303Z  INFO herdr::logging: api request completed event="api.request.complete" subsystem="api" outcome="ok" request_id="nvim.nav" method="pane.focus_direction"
2026-09-13T14:43:59.206493Z  INFO herdr::logging: api request received event="api.request.start" subsystem="api" outcome="started" request_id="cli:server:reload-config" method="server.reload_config" changes_ui=true
2026-09-13T14:43:59.208561Z  INFO herdr::logging: api request completed event="api.request.complete" subsystem="api" outcome="ok" request_id="cli:server:reload-config" method="server.reload_config"
2026-09-13T14:44:03.668469Z  INFO herdr::logging: session saved event="persist.save" subsystem="persist" outcome="ok" path=/home/simon/.config/herdr/session.json workspaces=3
2026-09-13T14:44:04.012648Z  INFO herdr::logging: workspace focused event="workspace.focus" subsystem="workspace" outcome="ok" workspace_id="w5"
2026-09-13T14:44:04.012713Z  INFO herdr::logging: tab focused event="tab.focus" subsystem="tab" outcome="ok" workspace_id="w5" tab_id="w5:t3"
2026-09-13T14:44:05.173665Z  INFO herdr::logging: workspace focused event="workspace.focus" subsystem="workspace" outcome="ok" workspace_id="w6"
2026-09-13T14:44:05.173752Z  INFO herdr::logging: tab focused event="tab.focus" subsystem="tab" outcome="ok" workspace_id="w6" tab_id="w6:t1"
2026-09-13T14:44:05.173824Z  INFO herdr::logging: workspace focused event="workspace.focus" subsystem="workspace" outcome="ok" workspace_id="w6"
2026-09-13T14:44:05.173833Z  INFO herdr::logging: tab focused event="tab.focus" subsystem="tab" outcome="ok" workspace_id="w6" tab_id="w6:t1"
2026-09-13T14:44:07.405176Z  INFO herdr::logging: workspace focused event="workspace.focus" subsystem="workspace" outcome="ok" workspace_id="w7"
2026-09-13T14:44:07.405249Z  INFO herdr::logging: tab focused event="tab.focus" subsystem="tab" outcome="ok" workspace_id="w7" tab_id="w7:t1"
2026-09-13T14:44:07.405424Z  INFO herdr::logging: workspace focused event="workspace.focus" subsystem="workspace" outcome="ok" workspace_id="w7"
2026-09-13T14:44:07.405437Z  INFO herdr::logging: tab focused event="tab.focus" subsystem="tab" outcome="ok" workspace_id="w7" tab_id="w7:t1"
2026-09-13T14:44:12.408129Z  INFO herdr::logging: session saved event="persist.save" subsystem="persist" outcome="ok" path=/home/simon/.config/herdr/session.json workspaces=3
2026-09-13T14:44:21.211370Z  INFO herdr::logging: workspace focused event="workspace.focus" subsystem="workspace" outcome="ok" workspace_id="w6"
2026-09-13T14:44:21.211443Z  INFO herdr::logging: tab focused event="tab.focus" subsystem="tab" outcome="ok" workspace_id="w6" tab_id="w6:t1"
2026-09-13T14:44:26.214700Z  INFO herdr::logging: session saved event="persist.save" subsystem="persist" outcome="ok" path=/home/simon/.config/herdr/session.json workspaces=3
2026-09-13T14:44:46.839441Z  INFO herdr::pane: agent changed pane=9 previous_agent=None agent=Some(OpenCode) process=opencode pgid=Some(71023)
2026-09-13T14:45:11.400766Z  INFO herdr::logging: spawning pane terminal event="pane.spawn.start" subsystem="pane" outcome="started" pane_id=16 rows=61 cols=208 scrollback_limit_bytes=10000000
2026-09-13T14:45:11.405586Z  INFO herdr::logging: pane child spawned event="pane.spawned" subsystem="pane" outcome="ok" pane_id=16 pid=73679
2026-09-13T14:45:11.405976Z  INFO herdr::logging: tab focused event="tab.focus" subsystem="tab" outcome="ok" workspace_id="w6" tab_id="w6:t1"
2026-09-13T14:45:16.420187Z  INFO herdr::logging: session saved event="persist.save" subsystem="persist" outcome="ok" path=/home/simon/.config/herdr/session.json workspaces=3
2026-09-13T14:46:00.604093Z  INFO herdr::logging: tab focused event="tab.focus" subsystem="tab" outcome="ok" workspace_id="w6" tab_id="w6:t1"
2026-09-13T14:46:05.606864Z  INFO herdr::logging: session saved event="persist.save" subsystem="persist" outcome="ok" path=/home/simon/.config/herdr/session.json workspaces=3
2026-09-13T14:46:31.042859Z  INFO herdr::logging: tab focused event="tab.focus" subsystem="tab" outcome="ok" workspace_id="w6" tab_id="w6:t1"
2026-09-13T14:46:32.284538Z  INFO herdr::logging: pane child exited event="pane.exit" subsystem="pane" outcome="completed" pane_id=16 status="ExitStatus { code: 1, signal: None }"
2026-09-13T14:46:32.293204Z  INFO herdr::pane: pane session terminated pane=16 pid=73679 signal=Hangup
2026-09-13T14:46:32.297860Z  WARN herdr::app::actions: PaneDied for unknown pane pane=16
2026-09-13T14:46:35.757108Z  INFO herdr::logging: workspace focused event="workspace.focus" subsystem="workspace" outcome="ok" workspace_id="w5"
2026-09-13T14:46:35.757181Z  INFO herdr::logging: tab focused event="tab.focus" subsystem="tab" outcome="ok" workspace_id="w5" tab_id="w5:t3"
2026-09-13T14:46:35.757253Z  INFO herdr::logging: workspace focused event="workspace.focus" subsystem="workspace" outcome="ok" workspace_id="w5"
2026-09-13T14:46:35.757265Z  INFO herdr::logging: tab focused event="tab.focus" subsystem="tab" outcome="ok" workspace_id="w5" tab_id="w5:t3"
2026-09-13T14:46:37.720344Z  INFO herdr::logging: tab focused event="tab.focus" subsystem="tab" outcome="ok" workspace_id="w5" tab_id="w5:t3"
2026-09-13T14:46:42.724549Z  INFO herdr::logging: session saved event="persist.save" subsystem="persist" outcome="ok" path=/home/simon/.config/herdr/session.json workspaces=3
2026-09-13T14:46:43.926778Z  INFO herdr::logging: api request received event="api.request.start" subsystem="api" outcome="started" request_id="nvim.nav" method="pane.focus_direction" changes_ui=true
2026-09-13T14:46:43.935318Z  INFO herdr::logging: tab focused event="tab.focus" subsystem="tab" outcome="ok" workspace_id="w5" tab_id="w5:t3"
2026-09-13T14:46:43.935374Z  INFO herdr::logging: tab focused event="tab.focus" subsystem="tab" outcome="ok" workspace_id="w5" tab_id="w5:t3"
2026-09-13T14:46:43.935817Z  INFO herdr::logging: api request completed event="api.request.complete" subsystem="api" outcome="ok" request_id="nvim.nav" method="pane.focus_direction"
2026-09-13T14:46:44.989874Z  INFO herdr::logging: api request received event="api.request.start" subsystem="api" outcome="started" request_id="herdr-nvim-nav" method="pane.focus_direction" changes_ui=true
2026-09-13T14:46:45.002852Z  INFO herdr::logging: tab focused event="tab.focus" subsystem="tab" outcome="ok" workspace_id="w5" tab_id="w5:t3"
2026-09-13T14:46:45.002932Z  INFO herdr::logging: tab focused event="tab.focus" subsystem="tab" outcome="ok" workspace_id="w5" tab_id="w5:t3"
2026-09-13T14:46:45.003267Z  INFO herdr::logging: api request completed event="api.request.complete" subsystem="api" outcome="ok" request_id="herdr-nvim-nav" method="pane.focus_direction"
2026-09-13T14:46:45.229904Z  INFO herdr::logging: api request received event="api.request.start" subsystem="api" outcome="started" request_id="nvim.nav" method="pane.focus_direction" changes_ui=true
2026-09-13T14:46:45.245199Z  INFO herdr::logging: tab focused event="tab.focus" subsystem="tab" outcome="ok" workspace_id="w5" tab_id="w5:t3"
2026-09-13T14:46:45.245336Z  INFO herdr::logging: tab focused event="tab.focus" subsystem="tab" outcome="ok" workspace_id="w5" tab_id="w5:t3"
2026-09-13T14:46:45.246556Z  INFO herdr::logging: api request completed event="api.request.complete" subsystem="api" outcome="ok" request_id="nvim.nav" method="pane.focus_direction"
2026-09-13T14:46:45.612881Z  INFO herdr::logging: api request received event="api.request.start" subsystem="api" outcome="started" request_id="herdr-nvim-nav" method="pane.focus_direction" changes_ui=true
2026-09-13T14:46:45.622526Z  INFO herdr::logging: tab focused event="tab.focus" subsystem="tab" outcome="ok" workspace_id="w5" tab_id="w5:t3"
2026-09-13T14:46:45.622646Z  INFO herdr::logging: tab focused event="tab.focus" subsystem="tab" outcome="ok" workspace_id="w5" tab_id="w5:t3"
2026-09-13T14:46:45.622820Z  INFO herdr::logging: api request completed event="api.request.complete" subsystem="api" outcome="ok" request_id="herdr-nvim-nav" method="pane.focus_direction"
2026-09-13T14:46:48.703065Z  INFO herdr::logging: api request received event="api.request.start" subsystem="api" outcome="started" request_id="nvim.nav" method="pane.focus_direction" changes_ui=true
2026-09-13T14:46:48.703236Z  INFO herdr::logging: tab focused event="tab.focus" subsystem="tab" outcome="ok" workspace_id="w5" tab_id="w5:t3"
2026-09-13T14:46:48.703285Z  INFO herdr::logging: tab focused event="tab.focus" subsystem="tab" outcome="ok" workspace_id="w5" tab_id="w5:t3"
2026-09-13T14:46:48.703441Z  INFO herdr::logging: api request completed event="api.request.complete" subsystem="api" outcome="ok" request_id="nvim.nav" method="pane.focus_direction"
2026-09-13T14:46:50.346407Z  INFO herdr::logging: workspace focused event="workspace.focus" subsystem="workspace" outcome="ok" workspace_id="w6"
2026-09-13T14:46:50.346460Z  INFO herdr::logging: tab focused event="tab.focus" subsystem="tab" outcome="ok" workspace_id="w6" tab_id="w6:t1"
2026-09-13T14:46:50.346523Z  INFO herdr::logging: workspace focused event="workspace.focus" subsystem="workspace" outcome="ok" workspace_id="w6"
2026-09-13T14:46:50.346534Z  INFO herdr::logging: tab focused event="tab.focus" subsystem="tab" outcome="ok" workspace_id="w6" tab_id="w6:t1"
2026-09-13T14:46:55.348799Z  INFO herdr::logging: session saved event="persist.save" subsystem="persist" outcome="ok" path=/home/simon/.config/herdr/session.json workspaces=3
2026-09-13T14:47:04.559151Z  INFO herdr::logging: spawning pane terminal event="pane.spawn.start" subsystem="pane" outcome="started" pane_id=17 rows=61 cols=208 scrollback_limit_bytes=10000000
2026-09-13T14:47:04.562024Z  INFO herdr::logging: pane child spawned event="pane.spawned" subsystem="pane" outcome="ok" pane_id=17 pid=75131
2026-09-13T14:47:04.562356Z  INFO herdr::logging: tab focused event="tab.focus" subsystem="tab" outcome="ok" workspace_id="w6" tab_id="w6:t1"
2026-09-13T14:47:09.573552Z  INFO herdr::logging: session saved event="persist.save" subsystem="persist" outcome="ok" path=/home/simon/.config/herdr/session.json workspaces=3
2026-09-13T14:47:15.393706Z  INFO herdr::server::headless: client detached client_id=2
2026-09-13T14:47:42.326945Z  INFO herdr::server::headless: client connected client_id=4 cols=140 rows=61 cell_width_px=15 cell_height_px=44 surface_active=true render_encoding=SemanticFrame
2026-09-13T14:57:29.815970Z  INFO herdr::logging: checking for updates event="update.check.start" subsystem="update" outcome="started"
2026-09-13T15:02:28.764180Z  INFO herdr::logging: tab focused event="tab.focus" subsystem="tab" outcome="ok" workspace_id="w6" tab_id="w6:t1"
2026-09-13T15:02:33.767832Z  INFO herdr::logging: session saved event="persist.save" subsystem="persist" outcome="ok" path=/home/simon/.config/herdr/session.json workspaces=3
2026-09-13T15:27:29.817574Z  INFO herdr::logging: checking for updates event="update.check.start" subsystem="update" outcome="started"
2026-09-13T15:59:38.947879Z  INFO herdr::logging: checking for updates event="update.check.start" subsystem="update" outcome="started"
2026-09-13T15:59:39.745216Z  WARN herdr::detect::manifest_update: skipping unknown remote manifest agent agent="letta"
2026-09-13T16:17:14.906723Z  INFO herdr::api::server: api server listening path=/home/simon/.config/herdr/herdr.sock
2026-09-13T16:17:14.909755Z  INFO herdr::logging: spawning pane terminal event="pane.spawn.start" subsystem="pane" outcome="started" pane_id=1 rows=24 cols=80 scrollback_limit_bytes=10000000
2026-09-13T16:17:14.911537Z  INFO herdr::logging: pane child spawned event="pane.spawned" subsystem="pane" outcome="ok" pane_id=1 pid=6946
2026-09-13T16:17:14.911992Z  INFO herdr::logging: spawning pane terminal event="pane.spawn.start" subsystem="pane" outcome="started" pane_id=3 rows=24 cols=80 scrollback_limit_bytes=10000000
2026-09-13T16:17:14.913215Z  INFO herdr::logging: pane child spawned event="pane.spawned" subsystem="pane" outcome="ok" pane_id=3 pid=6949
2026-09-13T16:17:14.913574Z  INFO herdr::logging: spawning pane terminal event="pane.spawn.start" subsystem="pane" outcome="started" pane_id=4 rows=24 cols=80 scrollback_limit_bytes=10000000
2026-09-13T16:17:14.914815Z  INFO herdr::logging: pane child spawned event="pane.spawned" subsystem="pane" outcome="ok" pane_id=4 pid=6952
2026-09-13T16:17:14.915386Z  INFO herdr::logging: spawning pane terminal event="pane.spawn.start" subsystem="pane" outcome="started" pane_id=6 rows=24 cols=80 scrollback_limit_bytes=10000000
2026-09-13T16:17:14.916825Z  INFO herdr::logging: pane child spawned event="pane.spawned" subsystem="pane" outcome="ok" pane_id=6 pid=6957
2026-09-13T16:17:14.917502Z  INFO herdr::logging: spawning pane terminal event="pane.spawn.start" subsystem="pane" outcome="started" pane_id=7 rows=24 cols=80 scrollback_limit_bytes=10000000
2026-09-13T16:17:14.919379Z  INFO herdr::logging: pane child spawned event="pane.spawned" subsystem="pane" outcome="ok" pane_id=7 pid=6961
2026-09-13T16:17:14.919781Z  INFO herdr::logging: session restore evaluated event="persist.restore" subsystem="persist" outcome="ok" workspaces=3
2026-09-13T16:17:14.919815Z  INFO herdr::app: using pane scrollback configuration pane_scrollback_limit_bytes=10000000
2026-09-13T16:17:15.088313Z  INFO herdr::logging: checking for updates event="update.check.start" subsystem="update" outcome="started"
2026-09-13T16:17:15.092222Z  INFO herdr::server::headless::bootstrap: restored session already has workspaces; ignoring startup cwd cwd=/home/simon
2026-09-13T16:17:15.092547Z  INFO herdr::server::headless: client protocol socket listening path=/home/simon/.config/herdr/herdr-client.sock
2026-09-13T16:17:15.092658Z  INFO herdr::server::headless::bootstrap: herdr server started api_socket=/home/simon/.config/herdr/herdr.sock client_socket=/home/simon/.config/herdr/herdr-client.sock
2026-09-13T16:17:15.092756Z  INFO herdr::logging: herdr starting event="app.startup" subsystem="server" outcome="started" pid=6928
2026-09-13T16:17:15.245669Z  WARN herdr::detect::manifest_update: skipping unknown remote manifest agent agent="letta"
2026-09-13T16:17:15.350751Z  INFO herdr::server::headless: client connected client_id=2 cols=140 rows=61 cell_width_px=15 cell_height_px=44 surface_active=true render_encoding=SemanticFrame
2026-09-13T16:17:15.421751Z  INFO herdr::logging: spawning pane terminal event="pane.spawn.start" subsystem="pane" outcome="started" pane_id=2 rows=29 cols=137 scrollback_limit_bytes=10000000
2026-09-13T16:17:15.423799Z  INFO herdr::logging: pane child spawned event="pane.spawned" subsystem="pane" outcome="ok" pane_id=2 pid=7084
2026-09-13T16:17:15.424231Z  INFO herdr::logging: spawning pane terminal event="pane.spawn.start" subsystem="pane" outcome="started" pane_id=5 rows=59 cols=68 scrollback_limit_bytes=10000000
2026-09-13T16:17:15.426053Z  INFO herdr::logging: pane child spawned event="pane.spawned" subsystem="pane" outcome="ok" pane_id=5 pid=7087
2026-09-13T16:17:16.479540Z  INFO herdr::pane: agent changed pane=2 previous_agent=None agent=Some(OpenCode) process=opencode pgid=Some(7988)
2026-09-13T16:17:16.480611Z  INFO herdr::pane: agent changed pane=5 previous_agent=None agent=Some(OpenCode) process=opencode pgid=Some(7991)
2026-09-13T16:17:20.428594Z  INFO herdr::logging: session saved event="persist.save" subsystem="persist" outcome="ok" path=/home/simon/.config/herdr/session.json workspaces=3
2026-09-13T16:29:31.092063Z  INFO herdr::logging: workspace focused event="workspace.focus" subsystem="workspace" outcome="ok" workspace_id="w5"
2026-09-13T16:29:31.092126Z  INFO herdr::logging: tab focused event="tab.focus" subsystem="tab" outcome="ok" workspace_id="w5" tab_id="w5:t3"
2026-09-13T16:29:31.092185Z  INFO herdr::logging: workspace focused event="workspace.focus" subsystem="workspace" outcome="ok" workspace_id="w5"
2026-09-13T16:29:31.092196Z  INFO herdr::logging: tab focused event="tab.focus" subsystem="tab" outcome="ok" workspace_id="w5" tab_id="w5:t3"
2026-09-13T16:29:32.168835Z  INFO herdr::logging: workspace focused event="workspace.focus" subsystem="workspace" outcome="ok" workspace_id="w6"
2026-09-13T16:29:32.168891Z  INFO herdr::logging: tab focused event="tab.focus" subsystem="tab" outcome="ok" workspace_id="w6" tab_id="w6:t1"
2026-09-13T16:29:32.168967Z  INFO herdr::logging: workspace focused event="workspace.focus" subsystem="workspace" outcome="ok" workspace_id="w6"
2026-09-13T16:29:32.168978Z  INFO herdr::logging: tab focused event="tab.focus" subsystem="tab" outcome="ok" workspace_id="w6" tab_id="w6:t1"
2026-09-13T16:29:32.646731Z  INFO herdr::logging: workspace focused event="workspace.focus" subsystem="workspace" outcome="ok" workspace_id="w7"
2026-09-13T16:29:32.646788Z  INFO herdr::logging: tab focused event="tab.focus" subsystem="tab" outcome="ok" workspace_id="w7" tab_id="w7:t1"
2026-09-13T16:29:32.646846Z  INFO herdr::logging: workspace focused event="workspace.focus" subsystem="workspace" outcome="ok" workspace_id="w7"
2026-09-13T16:29:32.646858Z  INFO herdr::logging: tab focused event="tab.focus" subsystem="tab" outcome="ok" workspace_id="w7" tab_id="w7:t1"
2026-09-13T16:29:33.412868Z  INFO herdr::logging: workspace focused event="workspace.focus" subsystem="workspace" outcome="ok" workspace_id="w6"
2026-09-13T16:29:33.412951Z  INFO herdr::logging: tab focused event="tab.focus" subsystem="tab" outcome="ok" workspace_id="w6" tab_id="w6:t1"
2026-09-13T16:29:33.413017Z  INFO herdr::logging: workspace focused event="workspace.focus" subsystem="workspace" outcome="ok" workspace_id="w6"
2026-09-13T16:29:33.413028Z  INFO herdr::logging: tab focused event="tab.focus" subsystem="tab" outcome="ok" workspace_id="w6" tab_id="w6:t1"
2026-09-13T16:29:33.745657Z  INFO herdr::logging: workspace focused event="workspace.focus" subsystem="workspace" outcome="ok" workspace_id="w5"
2026-09-13T16:29:33.745715Z  INFO herdr::logging: tab focused event="tab.focus" subsystem="tab" outcome="ok" workspace_id="w5" tab_id="w5:t3"
2026-09-13T16:29:33.745776Z  INFO herdr::logging: workspace focused event="workspace.focus" subsystem="workspace" outcome="ok" workspace_id="w5"
2026-09-13T16:29:33.745791Z  INFO herdr::logging: tab focused event="tab.focus" subsystem="tab" outcome="ok" workspace_id="w5" tab_id="w5:t3"
2026-09-13T16:29:38.749497Z  INFO herdr::logging: session saved event="persist.save" subsystem="persist" outcome="ok" path=/home/simon/.config/herdr/session.json workspaces=3
2026-09-13T16:30:22.787551Z  INFO herdr::logging: workspace focused event="workspace.focus" subsystem="workspace" outcome="ok" workspace_id="w5"
2026-09-13T16:30:22.787613Z  INFO herdr::logging: tab focused event="tab.focus" subsystem="tab" outcome="ok" workspace_id="w5" tab_id="w5:t3"
2026-09-13T16:30:31.771084Z  INFO herdr::logging: session saved event="persist.save" subsystem="persist" outcome="ok" path=/home/simon/.config/herdr/session.json workspaces=3
2026-09-13T16:33:50.452200Z  INFO herdr::logging: integration action finished event="integration.action" subsystem="integration" outcome="ok" action="install" target="opencode"
2026-09-13T16:34:17.494054Z  INFO herdr::logging: workspace focused event="workspace.focus" subsystem="workspace" outcome="ok" workspace_id="w7"
2026-09-13T16:34:17.494113Z  INFO herdr::logging: tab focused event="tab.focus" subsystem="tab" outcome="ok" workspace_id="w7" tab_id="w7:t1"
2026-09-13T16:34:17.494167Z  INFO herdr::logging: workspace focused event="workspace.focus" subsystem="workspace" outcome="ok" workspace_id="w7"
2026-09-13T16:34:17.494180Z  INFO herdr::logging: tab focused event="tab.focus" subsystem="tab" outcome="ok" workspace_id="w7" tab_id="w7:t1"
2026-09-13T16:34:19.127649Z  INFO herdr::logging: workspace closed event="workspace.close" subsystem="workspace" outcome="ok" workspace_id="w7"
2026-09-13T16:34:19.128793Z  INFO herdr::logging: pane child exited event="pane.exit" subsystem="pane" outcome="completed" pane_id=7 status="ExitStatus { code: 1, signal: None }"
2026-09-13T16:34:19.138123Z  INFO herdr::pane: pane session terminated pane=7 pid=6961 signal=Hangup
2026-09-13T16:34:19.139218Z  WARN herdr::app::actions: PaneDied for unknown pane pane=7
2026-09-13T16:34:20.210221Z  INFO herdr::logging: pane child exited event="pane.exit" subsystem="pane" outcome="completed" pane_id=5 status="ExitStatus { code: 1, signal: None }"
2026-09-13T16:34:20.280176Z  INFO herdr::pane: pane session terminated pane=5 pid=7087 signal=Hangup
2026-09-13T16:34:20.283183Z  WARN herdr::app::actions: PaneDied for unknown pane pane=5
2026-09-13T16:34:21.338290Z  INFO herdr::logging: workspace closed event="workspace.close" subsystem="workspace" outcome="ok" workspace_id="w6"
2026-09-13T16:34:21.339411Z  INFO herdr::logging: pane child exited event="pane.exit" subsystem="pane" outcome="completed" pane_id=6 status="ExitStatus { code: 1, signal: None }"
2026-09-13T16:34:21.347563Z  INFO herdr::pane: pane session terminated pane=6 pid=6957 signal=Hangup
2026-09-13T16:34:21.348742Z  WARN herdr::app::actions: PaneDied for unknown pane pane=6
2026-09-13T16:34:22.557386Z  INFO herdr::logging: pane child exited event="pane.exit" subsystem="pane" outcome="completed" pane_id=4 status="ExitStatus { code: 1, signal: None }"
2026-09-13T16:34:22.566171Z  INFO herdr::pane: pane session terminated pane=4 pid=6952 signal=Hangup
2026-09-13T16:34:22.568158Z  WARN herdr::app::actions: PaneDied for unknown pane pane=4
2026-09-13T16:34:23.620090Z  INFO herdr::logging: pane child exited event="pane.exit" subsystem="pane" outcome="completed" pane_id=3 status="ExitStatus { code: 1, signal: None }"
2026-09-13T16:34:23.628958Z  INFO herdr::pane: pane session terminated pane=3 pid=6949 signal=Hangup
2026-09-13T16:34:23.632365Z  WARN herdr::app::actions: PaneDied for unknown pane pane=3
2026-09-13T16:34:24.701239Z  INFO herdr::logging: pane child exited event="pane.exit" subsystem="pane" outcome="completed" pane_id=2 status="ExitStatus { code: 1, signal: None }"
2026-09-13T16:34:24.770665Z  INFO herdr::pane: pane session terminated pane=2 pid=7084 signal=Hangup
2026-09-13T16:34:24.771833Z  WARN herdr::app::actions: PaneDied for unknown pane pane=2
2026-09-13T16:34:25.747697Z  INFO herdr::logging: workspace closed event="workspace.close" subsystem="workspace" outcome="ok" workspace_id="w5"
2026-09-13T16:34:25.749099Z  INFO herdr::logging: pane child exited event="pane.exit" subsystem="pane" outcome="completed" pane_id=1 status="ExitStatus { code: 1, signal: None }"
2026-09-13T16:34:25.758102Z  INFO herdr::pane: pane session terminated pane=1 pid=6946 signal=Hangup
2026-09-13T16:34:25.759115Z  INFO herdr::logging: spawning pane terminal event="pane.spawn.start" subsystem="pane" outcome="started" pane_id=8 rows=61 cols=140 scrollback_limit_bytes=10000000
2026-09-13T16:34:25.761173Z  INFO herdr::logging: pane child spawned event="pane.spawned" subsystem="pane" outcome="ok" pane_id=8 pid=13772
2026-09-13T16:34:25.761501Z  INFO herdr::logging: workspace created event="workspace.create" subsystem="workspace" outcome="ok" workspace_id="w8" pane_id=8
2026-09-13T16:34:25.761516Z  INFO herdr::logging: workspace focused event="workspace.focus" subsystem="workspace" outcome="ok" workspace_id="w8"
2026-09-13T16:34:25.761526Z  INFO herdr::logging: tab focused event="tab.focus" subsystem="tab" outcome="ok" workspace_id="w8" tab_id="w8:t1"
2026-09-13T16:34:25.765704Z  WARN herdr::app::actions: PaneDied for unknown pane pane=1
2026-09-13T16:34:30.767921Z  INFO herdr::logging: session saved event="persist.save" subsystem="persist" outcome="ok" path=/home/simon/.config/herdr/session.json workspaces=1
2026-09-13T16:36:13.022337Z  INFO herdr::logging: workspace focused event="workspace.focus" subsystem="workspace" outcome="ok" workspace_id="w8"
2026-09-13T16:36:13.022392Z  INFO herdr::logging: tab focused event="tab.focus" subsystem="tab" outcome="ok" workspace_id="w8" tab_id="w8:t1"
2026-09-13T16:36:18.024856Z  INFO herdr::logging: session saved event="persist.save" subsystem="persist" outcome="ok" path=/home/simon/.config/herdr/session.json workspaces=1
2026-09-13T16:36:40.444768Z  INFO herdr::logging: tab renamed event="tab.rename" subsystem="tab" outcome="ok" workspace_id="w8" tab_id="w8:t1"
2026-09-13T16:36:42.407744Z  INFO herdr::pane: agent changed pane=8 previous_agent=None agent=Some(OpenCode) process=opencode pgid=Some(16300)
2026-09-13T16:36:45.446605Z  INFO herdr::logging: session saved event="persist.save" subsystem="persist" outcome="ok" path=/home/simon/.config/herdr/session.json workspaces=1
2026-09-13T16:36:49.646524Z  INFO herdr::pane: agent changed pane=8 previous_agent=Some(OpenCode) agent=None pgid=Some(13772)
2026-09-13T16:36:52.157629Z  INFO herdr::pane: agent changed pane=8 previous_agent=None agent=Some(OpenCode) process=opencode pgid=Some(16720)
2026-09-13T16:36:52.762621Z  INFO herdr::pane: agent changed pane=8 previous_agent=Some(OpenCode) agent=None pgid=Some(13772)
2026-09-13T16:36:53.767267Z  INFO herdr::pane: agent changed pane=8 previous_agent=None agent=Some(OpenCode) process=opencode pgid=Some(16786)
2026-09-13T16:37:01.001041Z  INFO herdr::pane: agent changed pane=8 previous_agent=Some(OpenCode) agent=None pgid=Some(13772)
2026-09-13T16:39:12.630923Z  INFO herdr::pane: agent changed pane=8 previous_agent=None agent=Some(OpenCode) process=opencode pgid=Some(20514)
2026-09-13T16:39:21.071173Z  INFO herdr::pane: agent changed pane=8 previous_agent=Some(OpenCode) agent=None pgid=Some(13772)
2026-09-13T16:40:48.541500Z  INFO herdr::pane: agent changed pane=8 previous_agent=None agent=Some(OpenCode) process=opencode pgid=Some(37362)
2026-09-13T16:40:56.988074Z  INFO herdr::pane: agent changed pane=8 previous_agent=Some(OpenCode) agent=None pgid=Some(13772)
2026-09-13T16:40:58.495261Z  INFO herdr::pane: agent changed pane=8 previous_agent=None agent=Some(OpenCode) process=opencode pgid=Some(37551)
2026-09-13T16:40:59.701184Z  INFO herdr::pane: agent changed pane=8 previous_agent=Some(OpenCode) agent=None pgid=Some(13772)
2026-09-13T16:41:01.709368Z  INFO herdr::pane: agent changed pane=8 previous_agent=None agent=Some(OpenCode) process=opencode pgid=Some(37648)
2026-09-13T16:41:09.188130Z  INFO herdr::logging: spawning pane terminal event="pane.spawn.start" subsystem="pane" outcome="started" pane_id=9 rows=61 cols=140 scrollback_limit_bytes=10000000
2026-09-13T16:41:09.190392Z  INFO herdr::logging: pane child spawned event="pane.spawned" subsystem="pane" outcome="ok" pane_id=9 pid=37767
2026-09-13T16:41:09.190754Z  INFO herdr::logging: workspace created event="workspace.create" subsystem="workspace" outcome="ok" workspace_id="w9" pane_id=9
2026-09-13T16:41:09.190783Z  INFO herdr::logging: workspace focused event="workspace.focus" subsystem="workspace" outcome="ok" workspace_id="w9"
2026-09-13T16:41:09.190795Z  INFO herdr::logging: tab focused event="tab.focus" subsystem="tab" outcome="ok" workspace_id="w9" tab_id="w9:t1"
2026-09-13T16:41:14.203404Z  INFO herdr::logging: session saved event="persist.save" subsystem="persist" outcome="ok" path=/home/simon/.config/herdr/session.json workspaces=2
2026-09-13T16:41:19.146319Z  INFO herdr::logging: workspace focused event="workspace.focus" subsystem="workspace" outcome="ok" workspace_id="w8"
2026-09-13T16:41:19.146375Z  INFO herdr::logging: tab focused event="tab.focus" subsystem="tab" outcome="ok" workspace_id="w8" tab_id="w8:t1"
2026-09-13T16:41:19.146426Z  INFO herdr::logging: workspace focused event="workspace.focus" subsystem="workspace" outcome="ok" workspace_id="w8"
2026-09-13T16:41:19.146434Z  INFO herdr::logging: tab focused event="tab.focus" subsystem="tab" outcome="ok" workspace_id="w8" tab_id="w8:t1"
2026-09-13T16:41:24.148782Z  INFO herdr::logging: session saved event="persist.save" subsystem="persist" outcome="ok" path=/home/simon/.config/herdr/session.json workspaces=2
2026-09-13T16:42:24.545089Z  INFO herdr::logging: spawning pane terminal event="pane.spawn.start" subsystem="pane" outcome="started" pane_id=10 rows=61 cols=140 scrollback_limit_bytes=10000000
2026-09-13T16:42:24.547321Z  INFO herdr::logging: pane child spawned event="pane.spawned" subsystem="pane" outcome="ok" pane_id=10 pid=38582
2026-09-13T16:42:24.547684Z  INFO herdr::logging: tab focused event="tab.focus" subsystem="tab" outcome="ok" workspace_id="w8" tab_id="w8:t1"
2026-09-13T16:42:29.555475Z  INFO herdr::logging: session saved event="persist.save" subsystem="persist" outcome="ok" path=/home/simon/.config/herdr/session.json workspaces=2
2026-09-13T16:42:46.848185Z  INFO herdr::logging: pane child exited event="pane.exit" subsystem="pane" outcome="completed" pane_id=10 status="ExitStatus { code: 1, signal: None }"
2026-09-13T16:42:46.857498Z  INFO herdr::pane: pane session terminated pane=10 pid=38582 signal=Hangup
2026-09-13T16:42:46.861105Z  WARN herdr::app::actions: PaneDied for unknown pane pane=10
2026-09-13T16:42:51.860055Z  INFO herdr::logging: session saved event="persist.save" subsystem="persist" outcome="ok" path=/home/simon/.config/herdr/session.json workspaces=2
2026-09-13T16:43:00.076444Z  INFO herdr::pane: agent changed pane=8 previous_agent=None agent=Some(OpenCode) process=opencode pgid=Some(37648)
2026-09-13T16:43:05.070399Z  INFO herdr::logging: session saved event="persist.save" subsystem="persist" outcome="ok" path=/home/simon/.config/herdr/session.json workspaces=2
2026-09-13T16:47:15.091809Z  INFO herdr::logging: checking for updates event="update.check.start" subsystem="update" outcome="started"
2026-09-13T16:47:15.357786Z  WARN herdr::detect::manifest_update: skipping unknown remote manifest agent agent="letta"
2026-09-13T16:50:21.178353Z  INFO herdr::logging: workspace focused event="workspace.focus" subsystem="workspace" outcome="ok" workspace_id="w9"
2026-09-13T16:50:21.178443Z  INFO herdr::logging: tab focused event="tab.focus" subsystem="tab" outcome="ok" workspace_id="w9" tab_id="w9:t1"
2026-09-13T16:50:21.178505Z  INFO herdr::logging: workspace focused event="workspace.focus" subsystem="workspace" outcome="ok" workspace_id="w9"
2026-09-13T16:50:21.178516Z  INFO herdr::logging: tab focused event="tab.focus" subsystem="tab" outcome="ok" workspace_id="w9" tab_id="w9:t1"
2026-09-13T16:50:26.181174Z  INFO herdr::logging: session saved event="persist.save" subsystem="persist" outcome="ok" path=/home/simon/.config/herdr/session.json workspaces=2
2026-09-13T16:50:26.846330Z  INFO herdr::logging: workspace focused event="workspace.focus" subsystem="workspace" outcome="ok" workspace_id="w8"
2026-09-13T16:50:26.846420Z  INFO herdr::logging: tab focused event="tab.focus" subsystem="tab" outcome="ok" workspace_id="w8" tab_id="w8:t1"
2026-09-13T16:50:26.846489Z  INFO herdr::logging: workspace focused event="workspace.focus" subsystem="workspace" outcome="ok" workspace_id="w8"
2026-09-13T16:50:26.846499Z  INFO herdr::logging: tab focused event="tab.focus" subsystem="tab" outcome="ok" workspace_id="w8" tab_id="w8:t1"
2026-09-13T16:50:29.390757Z  INFO herdr::logging: spawning pane terminal event="pane.spawn.start" subsystem="pane" outcome="started" pane_id=11 rows=61 cols=140 scrollback_limit_bytes=10000000
2026-09-13T16:50:29.393920Z  INFO herdr::logging: pane child spawned event="pane.spawned" subsystem="pane" outcome="ok" pane_id=11 pid=43924
2026-09-13T16:50:29.396062Z  INFO herdr::logging: tab focused event="tab.focus" subsystem="tab" outcome="ok" workspace_id="w8" tab_id="w8:t2"
2026-09-13T16:50:34.407246Z  INFO herdr::logging: session saved event="persist.save" subsystem="persist" outcome="ok" path=/home/simon/.config/herdr/session.json workspaces=2
